participant.id_in_session,participant.code,participant.label,participant._is_bot,participant._index_in_pages,participant._max_page_index,participant._current_app_name,participant._round_number,participant._current_page_name,participant.ip_address,participant.time_started,participant.visited,participant.mturk_worker_id,participant.mturk_assignment_id,participant.payoff,player.id_in_group,player.test_question_1,player.test_question_2,player.test_question_3,player.test_question_4,player.payoff,group.id_in_subsession,group.amount_offered,group.current_opponent,group.payout,group.soc_or_no,group.offer_accepted,subsession.round_number,session.code,session.label,session.experimenter_name,session.mturk_HITId,session.mturk_HITGroupId,session.comment,session.is_demo
1,4hcgh0zo,,0,67,1260,my_ultimatum_priors_social,17,Offer,10.37.225.74,2017-11-15 10:17:10.573244+00:00,1,,,0,1,,,,,0,1,,,,,,1,2dsbpta6,,,,,,1
1,4hcgh0zo,,0,67,1260,my_ultimatum_priors_social,17,Offer,10.37.225.74,2017-11-15 10:17:10.573244+00:00,1,,,0,1,,,,,0,1,,,,,,2,2dsbpta6,,,,,,1
1,4hcgh0zo,,0,67,1260,my_ultimatum_priors_social,17,Offer,10.37.225.74,2017-11-15 10:17:10.573244+00:00,1,,,0,1,,,,,0,1,,,,,,3,2dsbpta6,,,,,,1
1,4hcgh0zo,,0,67,1260,my_ultimatum_priors_social,17,Offer,10.37.225.74,2017-11-15 10:17:10.573244+00:00,1,,,0,1,,,,,0,1,,,,,,4,2dsbpta6,,,,,,1
1,4hcgh0zo,,0,67,1260,my_ultimatum_priors_social,17,Offer,10.37.225.74,2017-11-15 10:17:10.573244+00:00,1,,,0,1,,,,,0,1,,,,,,5,2dsbpta6,,,,,,1
1,4hcgh0zo,,0,67,1260,my_ultimatum_priors_social,17,Offer,10.37.225.74,2017-11-15 10:17:10.573244+00:00,1,,,0,1,,,,,0,1,,,,,,6,2dsbpta6,,,,,,1
1,4hcgh0zo,,0,67,1260,my_ultimatum_priors_social,17,Offer,10.37.225.74,2017-11-15 10:17:10.573244+00:00,1,,,0,1,,,,,0,1,,,,,,7,2dsbpta6,,,,,,1
1,4hcgh0zo,,0,67,1260,my_ultimatum_priors_social,17,Offer,10.37.225.74,2017-11-15 10:17:10.573244+00:00,1,,,0,1,,,,,0,1,,,,,,8,2dsbpta6,,,,,,1
1,4hcgh0zo,,0,67,1260,my_ultimatum_priors_social,17,Offer,10.37.225.74,2017-11-15 10:17:10.573244+00:00,1,,,0,1,,,,,0,1,,,,,,9,2dsbpta6,,,,,,1
1,4hcgh0zo,,0,67,1260,my_ultimatum_priors_social,17,Offer,10.37.225.74,2017-11-15 10:17:10.573244+00:00,1,,,0,1,,,,,0,1,,,,,,10,2dsbpta6,,,,,,1
1,4hcgh0zo,,0,67,1260,my_ultimatum_priors_social,17,Offer,10.37.225.74,2017-11-15 10:17:10.573244+00:00,1,,,0,1,,,,,0,1,,,,,,11,2dsbpta6,,,,,,1
1,4hcgh0zo,,0,67,1260,my_ultimatum_priors_social,17,Offer,10.37.225.74,2017-11-15 10:17:10.573244+00:00,1,,,0,1,,,,,0,1,,,,,,12,2dsbpta6,,,,,,1
1,4hcgh0zo,,0,67,1260,my_ultimatum_priors_social,17,Offer,10.37.225.74,2017-11-15 10:17:10.573244+00:00,1,,,0,1,,,,,0,1,,,,,,13,2dsbpta6,,,,,,1
1,4hcgh0zo,,0,67,1260,my_ultimatum_priors_social,17,Offer,10.37.225.74,2017-11-15 10:17:10.573244+00:00,1,,,0,1,,,,,0,1,,,,,,14,2dsbpta6,,,,,,1
1,4hcgh0zo,,0,67,1260,my_ultimatum_priors_social,17,Offer,10.37.225.74,2017-11-15 10:17:10.573244+00:00,1,,,0,1,,,,,0,1,,,,,,15,2dsbpta6,,,,,,1
1,4hcgh0zo,,0,67,1260,my_ultimatum_priors_social,17,Offer,10.37.225.74,2017-11-15 10:17:10.573244+00:00,1,,,0,1,,,,,0,1,,,,,,16,2dsbpta6,,,,,,1
1,4hcgh0zo,,0,67,1260,my_ultimatum_priors_social,17,Offer,10.37.225.74,2017-11-15 10:17:10.573244+00:00,1,,,0,1,,,,,0,1,,,,,,17,2dsbpta6,,,,,,1
1,4hcgh0zo,,0,67,1260,my_ultimatum_priors_social,17,Offer,10.37.225.74,2017-11-15 10:17:10.573244+00:00,1,,,0,1,,,,,0,1,,,,,,18,2dsbpta6,,,,,,1
1,4hcgh0zo,,0,67,1260,my_ultimatum_priors_social,17,Offer,10.37.225.74,2017-11-15 10:17:10.573244+00:00,1,,,0,1,,,,,0,1,,,,,,19,2dsbpta6,,,,,,1
1,4hcgh0zo,,0,67,1260,my_ultimatum_priors_social,17,Offer,10.37.225.74,2017-11-15 10:17:10.573244+00:00,1,,,0,1,,,,,0,1,,,,,,20,2dsbpta6,,,,,,1
1,4hcgh0zo,,0,67,1260,my_ultimatum_priors_social,17,Offer,10.37.225.74,2017-11-15 10:17:10.573244+00:00,1,,,0,1,,,,,0,1,,,,,,21,2dsbpta6,,,,,,1
1,4hcgh0zo,,0,67,1260,my_ultimatum_priors_social,17,Offer,10.37.225.74,2017-11-15 10:17:10.573244+00:00,1,,,0,1,,,,,0,1,,,,,,22,2dsbpta6,,,,,,1
1,4hcgh0zo,,0,67,1260,my_ultimatum_priors_social,17,Offer,10.37.225.74,2017-11-15 10:17:10.573244+00:00,1,,,0,1,,,,,0,1,,,,,,23,2dsbpta6,,,,,,1
1,4hcgh0zo,,0,67,1260,my_ultimatum_priors_social,17,Offer,10.37.225.74,2017-11-15 10:17:10.573244+00:00,1,,,0,1,,,,,0,1,,,,,,24,2dsbpta6,,,,,,1
1,4hcgh0zo,,0,67,1260,my_ultimatum_priors_social,17,Offer,10.37.225.74,2017-11-15 10:17:10.573244+00:00,1,,,0,1,,,,,0,1,,,,,,25,2dsbpta6,,,,,,1
1,4hcgh0zo,,0,67,1260,my_ultimatum_priors_social,17,Offer,10.37.225.74,2017-11-15 10:17:10.573244+00:00,1,,,0,1,,,,,0,1,,,,,,26,2dsbpta6,,,,,,1
1,4hcgh0zo,,0,67,1260,my_ultimatum_priors_social,17,Offer,10.37.225.74,2017-11-15 10:17:10.573244+00:00,1,,,0,1,,,,,0,1,,,,,,27,2dsbpta6,,,,,,1
1,4hcgh0zo,,0,67,1260,my_ultimatum_priors_social,17,Offer,10.37.225.74,2017-11-15 10:17:10.573244+00:00,1,,,0,1,,,,,0,1,,,,,,28,2dsbpta6,,,,,,1
1,4hcgh0zo,,0,67,1260,my_ultimatum_priors_social,17,Offer,10.37.225.74,2017-11-15 10:17:10.573244+00:00,1,,,0,1,,,,,0,1,,,,,,29,2dsbpta6,,,,,,1
1,4hcgh0zo,,0,67,1260,my_ultimatum_priors_social,17,Offer,10.37.225.74,2017-11-15 10:17:10.573244+00:00,1,,,0,1,,,,,0,1,,,,,,30,2dsbpta6,,,,,,1
1,4hcgh0zo,,0,67,1260,my_ultimatum_priors_social,17,Offer,10.37.225.74,2017-11-15 10:17:10.573244+00:00,1,,,0,1,,,,,0,1,,,,,,31,2dsbpta6,,,,,,1
1,4hcgh0zo,,0,67,1260,my_ultimatum_priors_social,17,Offer,10.37.225.74,2017-11-15 10:17:10.573244+00:00,1,,,0,1,,,,,0,1,,,,,,32,2dsbpta6,,,,,,1
1,4hcgh0zo,,0,67,1260,my_ultimatum_priors_social,17,Offer,10.37.225.74,2017-11-15 10:17:10.573244+00:00,1,,,0,1,,,,,0,1,,,,,,33,2dsbpta6,,,,,,1
1,4hcgh0zo,,0,67,1260,my_ultimatum_priors_social,17,Offer,10.37.225.74,2017-11-15 10:17:10.573244+00:00,1,,,0,1,,,,,0,1,,,,,,34,2dsbpta6,,,,,,1
1,4hcgh0zo,,0,67,1260,my_ultimatum_priors_social,17,Offer,10.37.225.74,2017-11-15 10:17:10.573244+00:00,1,,,0,1,,,,,0,1,,,,,,35,2dsbpta6,,,,,,1
1,4hcgh0zo,,0,67,1260,my_ultimatum_priors_social,17,Offer,10.37.225.74,2017-11-15 10:17:10.573244+00:00,1,,,0,1,,,,,0,1,,,,,,36,2dsbpta6,,,,,,1
1,4hcgh0zo,,0,67,1260,my_ultimatum_priors_social,17,Offer,10.37.225.74,2017-11-15 10:17:10.573244+00:00,1,,,0,1,,,,,0,1,,,,,,37,2dsbpta6,,,,,,1
1,4hcgh0zo,,0,67,1260,my_ultimatum_priors_social,17,Offer,10.37.225.74,2017-11-15 10:17:10.573244+00:00,1,,,0,1,,,,,0,1,,,,,,38,2dsbpta6,,,,,,1
1,4hcgh0zo,,0,67,1260,my_ultimatum_priors_social,17,Offer,10.37.225.74,2017-11-15 10:17:10.573244+00:00,1,,,0,1,,,,,0,1,,,,,,39,2dsbpta6,,,,,,1
1,4hcgh0zo,,0,67,1260,my_ultimatum_priors_social,17,Offer,10.37.225.74,2017-11-15 10:17:10.573244+00:00,1,,,0,1,,,,,0,1,,,,,,40,2dsbpta6,,,,,,1
1,4hcgh0zo,,0,67,1260,my_ultimatum_priors_social,17,Offer,10.37.225.74,2017-11-15 10:17:10.573244+00:00,1,,,0,1,,,,,0,1,,,,,,41,2dsbpta6,,,,,,1
1,4hcgh0zo,,0,67,1260,my_ultimatum_priors_social,17,Offer,10.37.225.74,2017-11-15 10:17:10.573244+00:00,1,,,0,1,,,,,0,1,,,,,,42,2dsbpta6,,,,,,1
1,4hcgh0zo,,0,67,1260,my_ultimatum_priors_social,17,Offer,10.37.225.74,2017-11-15 10:17:10.573244+00:00,1,,,0,1,,,,,0,1,,,,,,43,2dsbpta6,,,,,,1
1,4hcgh0zo,,0,67,1260,my_ultimatum_priors_social,17,Offer,10.37.225.74,2017-11-15 10:17:10.573244+00:00,1,,,0,1,,,,,0,1,,,,,,44,2dsbpta6,,,,,,1
1,4hcgh0zo,,0,67,1260,my_ultimatum_priors_social,17,Offer,10.37.225.74,2017-11-15 10:17:10.573244+00:00,1,,,0,1,,,,,0,1,,,,,,45,2dsbpta6,,,,,,1
1,4hcgh0zo,,0,67,1260,my_ultimatum_priors_social,17,Offer,10.37.225.74,2017-11-15 10:17:10.573244+00:00,1,,,0,1,,,,,0,1,,,,,,46,2dsbpta6,,,,,,1
1,4hcgh0zo,,0,67,1260,my_ultimatum_priors_social,17,Offer,10.37.225.74,2017-11-15 10:17:10.573244+00:00,1,,,0,1,,,,,0,1,,,,,,47,2dsbpta6,,,,,,1
1,4hcgh0zo,,0,67,1260,my_ultimatum_priors_social,17,Offer,10.37.225.74,2017-11-15 10:17:10.573244+00:00,1,,,0,1,,,,,0,1,,,,,,48,2dsbpta6,,,,,,1
1,4hcgh0zo,,0,67,1260,my_ultimatum_priors_social,17,Offer,10.37.225.74,2017-11-15 10:17:10.573244+00:00,1,,,0,1,,,,,0,1,,,,,,49,2dsbpta6,,,,,,1
1,4hcgh0zo,,0,67,1260,my_ultimatum_priors_social,17,Offer,10.37.225.74,2017-11-15 10:17:10.573244+00:00,1,,,0,1,,,,,0,1,,,,,,50,2dsbpta6,,,,,,1
1,4hcgh0zo,,0,67,1260,my_ultimatum_priors_social,17,Offer,10.37.225.74,2017-11-15 10:17:10.573244+00:00,1,,,0,1,,,,,0,1,,,,,,51,2dsbpta6,,,,,,1
1,4hcgh0zo,,0,67,1260,my_ultimatum_priors_social,17,Offer,10.37.225.74,2017-11-15 10:17:10.573244+00:00,1,,,0,1,,,,,0,1,,,,,,52,2dsbpta6,,,,,,1
1,4hcgh0zo,,0,67,1260,my_ultimatum_priors_social,17,Offer,10.37.225.74,2017-11-15 10:17:10.573244+00:00,1,,,0,1,,,,,0,1,,,,,,53,2dsbpta6,,,,,,1
1,4hcgh0zo,,0,67,1260,my_ultimatum_priors_social,17,Offer,10.37.225.74,2017-11-15 10:17:10.573244+00:00,1,,,0,1,,,,,0,1,,,,,,54,2dsbpta6,,,,,,1
1,4hcgh0zo,,0,67,1260,my_ultimatum_priors_social,17,Offer,10.37.225.74,2017-11-15 10:17:10.573244+00:00,1,,,0,1,,,,,0,1,,,,,,55,2dsbpta6,,,,,,1
1,4hcgh0zo,,0,67,1260,my_ultimatum_priors_social,17,Offer,10.37.225.74,2017-11-15 10:17:10.573244+00:00,1,,,0,1,,,,,0,1,,,,,,56,2dsbpta6,,,,,,1
1,4hcgh0zo,,0,67,1260,my_ultimatum_priors_social,17,Offer,10.37.225.74,2017-11-15 10:17:10.573244+00:00,1,,,0,1,,,,,0,1,,,,,,57,2dsbpta6,,,,,,1
1,4hcgh0zo,,0,67,1260,my_ultimatum_priors_social,17,Offer,10.37.225.74,2017-11-15 10:17:10.573244+00:00,1,,,0,1,,,,,0,1,,,,,,58,2dsbpta6,,,,,,1
1,4hcgh0zo,,0,67,1260,my_ultimatum_priors_social,17,Offer,10.37.225.74,2017-11-15 10:17:10.573244+00:00,1,,,0,1,,,,,0,1,,,,,,59,2dsbpta6,,,,,,1
1,4hcgh0zo,,0,67,1260,my_ultimatum_priors_social,17,Offer,10.37.225.74,2017-11-15 10:17:10.573244+00:00,1,,,0,1,,,,,0,1,,,,,,60,2dsbpta6,,,,,,1
1,4hcgh0zo,,0,67,1260,my_ultimatum_priors_social,17,Offer,10.37.225.74,2017-11-15 10:17:10.573244+00:00,1,,,0,1,,,,,0,1,,,,,,61,2dsbpta6,,,,,,1
1,4hcgh0zo,,0,67,1260,my_ultimatum_priors_social,17,Offer,10.37.225.74,2017-11-15 10:17:10.573244+00:00,1,,,0,1,,,,,0,1,,,,,,62,2dsbpta6,,,,,,1
1,4hcgh0zo,,0,67,1260,my_ultimatum_priors_social,17,Offer,10.37.225.74,2017-11-15 10:17:10.573244+00:00,1,,,0,1,,,,,0,1,,,,,,63,2dsbpta6,,,,,,1
1,4hcgh0zo,,0,67,1260,my_ultimatum_priors_social,17,Offer,10.37.225.74,2017-11-15 10:17:10.573244+00:00,1,,,0,1,,,,,0,1,,,,,,64,2dsbpta6,,,,,,1
1,4hcgh0zo,,0,67,1260,my_ultimatum_priors_social,17,Offer,10.37.225.74,2017-11-15 10:17:10.573244+00:00,1,,,0,1,,,,,0,1,,,,,,65,2dsbpta6,,,,,,1
1,4hcgh0zo,,0,67,1260,my_ultimatum_priors_social,17,Offer,10.37.225.74,2017-11-15 10:17:10.573244+00:00,1,,,0,1,,,,,0,1,,,,,,66,2dsbpta6,,,,,,1
1,4hcgh0zo,,0,67,1260,my_ultimatum_priors_social,17,Offer,10.37.225.74,2017-11-15 10:17:10.573244+00:00,1,,,0,1,,,,,0,1,,,,,,67,2dsbpta6,,,,,,1
1,4hcgh0zo,,0,67,1260,my_ultimatum_priors_social,17,Offer,10.37.225.74,2017-11-15 10:17:10.573244+00:00,1,,,0,1,,,,,0,1,,,,,,68,2dsbpta6,,,,,,1
1,4hcgh0zo,,0,67,1260,my_ultimatum_priors_social,17,Offer,10.37.225.74,2017-11-15 10:17:10.573244+00:00,1,,,0,1,,,,,0,1,,,,,,69,2dsbpta6,,,,,,1
1,4hcgh0zo,,0,67,1260,my_ultimatum_priors_social,17,Offer,10.37.225.74,2017-11-15 10:17:10.573244+00:00,1,,,0,1,,,,,0,1,,,,,,70,2dsbpta6,,,,,,1
1,4hcgh0zo,,0,67,1260,my_ultimatum_priors_social,17,Offer,10.37.225.74,2017-11-15 10:17:10.573244+00:00,1,,,0,1,,,,,0,1,,,,,,71,2dsbpta6,,,,,,1
1,4hcgh0zo,,0,67,1260,my_ultimatum_priors_social,17,Offer,10.37.225.74,2017-11-15 10:17:10.573244+00:00,1,,,0,1,,,,,0,1,,,,,,72,2dsbpta6,,,,,,1
1,4hcgh0zo,,0,67,1260,my_ultimatum_priors_social,17,Offer,10.37.225.74,2017-11-15 10:17:10.573244+00:00,1,,,0,1,,,,,0,1,,,,,,73,2dsbpta6,,,,,,1
1,4hcgh0zo,,0,67,1260,my_ultimatum_priors_social,17,Offer,10.37.225.74,2017-11-15 10:17:10.573244+00:00,1,,,0,1,,,,,0,1,,,,,,74,2dsbpta6,,,,,,1
1,4hcgh0zo,,0,67,1260,my_ultimatum_priors_social,17,Offer,10.37.225.74,2017-11-15 10:17:10.573244+00:00,1,,,0,1,,,,,0,1,,,,,,75,2dsbpta6,,,,,,1
1,4hcgh0zo,,0,67,1260,my_ultimatum_priors_social,17,Offer,10.37.225.74,2017-11-15 10:17:10.573244+00:00,1,,,0,1,,,,,0,1,,,,,,76,2dsbpta6,,,,,,1
1,4hcgh0zo,,0,67,1260,my_ultimatum_priors_social,17,Offer,10.37.225.74,2017-11-15 10:17:10.573244+00:00,1,,,0,1,,,,,0,1,,,,,,77,2dsbpta6,,,,,,1
1,4hcgh0zo,,0,67,1260,my_ultimatum_priors_social,17,Offer,10.37.225.74,2017-11-15 10:17:10.573244+00:00,1,,,0,1,,,,,0,1,,,,,,78,2dsbpta6,,,,,,1
1,4hcgh0zo,,0,67,1260,my_ultimatum_priors_social,17,Offer,10.37.225.74,2017-11-15 10:17:10.573244+00:00,1,,,0,1,,,,,0,1,,,,,,79,2dsbpta6,,,,,,1
1,4hcgh0zo,,0,67,1260,my_ultimatum_priors_social,17,Offer,10.37.225.74,2017-11-15 10:17:10.573244+00:00,1,,,0,1,,,,,0,1,,,,,,80,2dsbpta6,,,,,,1
1,4hcgh0zo,,0,67,1260,my_ultimatum_priors_social,17,Offer,10.37.225.74,2017-11-15 10:17:10.573244+00:00,1,,,0,1,,,,,0,1,,,,,,81,2dsbpta6,,,,,,1
1,4hcgh0zo,,0,67,1260,my_ultimatum_priors_social,17,Offer,10.37.225.74,2017-11-15 10:17:10.573244+00:00,1,,,0,1,,,,,0,1,,,,,,82,2dsbpta6,,,,,,1
1,4hcgh0zo,,0,67,1260,my_ultimatum_priors_social,17,Offer,10.37.225.74,2017-11-15 10:17:10.573244+00:00,1,,,0,1,,,,,0,1,,,,,,83,2dsbpta6,,,,,,1
1,4hcgh0zo,,0,67,1260,my_ultimatum_priors_social,17,Offer,10.37.225.74,2017-11-15 10:17:10.573244+00:00,1,,,0,1,,,,,0,1,,,,,,84,2dsbpta6,,,,,,1
1,4hcgh0zo,,0,67,1260,my_ultimatum_priors_social,17,Offer,10.37.225.74,2017-11-15 10:17:10.573244+00:00,1,,,0,1,,,,,0,1,,,,,,85,2dsbpta6,,,,,,1
1,4hcgh0zo,,0,67,1260,my_ultimatum_priors_social,17,Offer,10.37.225.74,2017-11-15 10:17:10.573244+00:00,1,,,0,1,,,,,0,1,,,,,,86,2dsbpta6,,,,,,1
1,4hcgh0zo,,0,67,1260,my_ultimatum_priors_social,17,Offer,10.37.225.74,2017-11-15 10:17:10.573244+00:00,1,,,0,1,,,,,0,1,,,,,,87,2dsbpta6,,,,,,1
1,4hcgh0zo,,0,67,1260,my_ultimatum_priors_social,17,Offer,10.37.225.74,2017-11-15 10:17:10.573244+00:00,1,,,0,1,,,,,0,1,,,,,,88,2dsbpta6,,,,,,1
1,4hcgh0zo,,0,67,1260,my_ultimatum_priors_social,17,Offer,10.37.225.74,2017-11-15 10:17:10.573244+00:00,1,,,0,1,,,,,0,1,,,,,,89,2dsbpta6,,,,,,1
1,4hcgh0zo,,0,67,1260,my_ultimatum_priors_social,17,Offer,10.37.225.74,2017-11-15 10:17:10.573244+00:00,1,,,0,1,,,,,0,1,,,,,,90,2dsbpta6,,,,,,1
1,4hcgh0zo,,0,67,1260,my_ultimatum_priors_social,17,Offer,10.37.225.74,2017-11-15 10:17:10.573244+00:00,1,,,0,1,,,,,0,1,,,,,,91,2dsbpta6,,,,,,1
1,4hcgh0zo,,0,67,1260,my_ultimatum_priors_social,17,Offer,10.37.225.74,2017-11-15 10:17:10.573244+00:00,1,,,0,1,,,,,0,1,,,,,,92,2dsbpta6,,,,,,1
1,4hcgh0zo,,0,67,1260,my_ultimatum_priors_social,17,Offer,10.37.225.74,2017-11-15 10:17:10.573244+00:00,1,,,0,1,,,,,0,1,,,,,,93,2dsbpta6,,,,,,1
1,4hcgh0zo,,0,67,1260,my_ultimatum_priors_social,17,Offer,10.37.225.74,2017-11-15 10:17:10.573244+00:00,1,,,0,1,,,,,0,1,,,,,,94,2dsbpta6,,,,,,1
1,4hcgh0zo,,0,67,1260,my_ultimatum_priors_social,17,Offer,10.37.225.74,2017-11-15 10:17:10.573244+00:00,1,,,0,1,,,,,0,1,,,,,,95,2dsbpta6,,,,,,1
1,4hcgh0zo,,0,67,1260,my_ultimatum_priors_social,17,Offer,10.37.225.74,2017-11-15 10:17:10.573244+00:00,1,,,0,1,,,,,0,1,,,,,,96,2dsbpta6,,,,,,1
1,4hcgh0zo,,0,67,1260,my_ultimatum_priors_social,17,Offer,10.37.225.74,2017-11-15 10:17:10.573244+00:00,1,,,0,1,,,,,0,1,,,,,,97,2dsbpta6,,,,,,1
1,4hcgh0zo,,0,67,1260,my_ultimatum_priors_social,17,Offer,10.37.225.74,2017-11-15 10:17:10.573244+00:00,1,,,0,1,,,,,0,1,,,,,,98,2dsbpta6,,,,,,1
1,4hcgh0zo,,0,67,1260,my_ultimatum_priors_social,17,Offer,10.37.225.74,2017-11-15 10:17:10.573244+00:00,1,,,0,1,,,,,0,1,,,,,,99,2dsbpta6,,,,,,1
1,4hcgh0zo,,0,67,1260,my_ultimatum_priors_social,17,Offer,10.37.225.74,2017-11-15 10:17:10.573244+00:00,1,,,0,1,,,,,0,1,,,,,,100,2dsbpta6,,,,,,1
1,4hcgh0zo,,0,67,1260,my_ultimatum_priors_social,17,Offer,10.37.225.74,2017-11-15 10:17:10.573244+00:00,1,,,0,1,,,,,0,1,,,,,,101,2dsbpta6,,,,,,1
1,4hcgh0zo,,0,67,1260,my_ultimatum_priors_social,17,Offer,10.37.225.74,2017-11-15 10:17:10.573244+00:00,1,,,0,1,,,,,0,1,,,,,,102,2dsbpta6,,,,,,1
1,4hcgh0zo,,0,67,1260,my_ultimatum_priors_social,17,Offer,10.37.225.74,2017-11-15 10:17:10.573244+00:00,1,,,0,1,,,,,0,1,,,,,,103,2dsbpta6,,,,,,1
1,4hcgh0zo,,0,67,1260,my_ultimatum_priors_social,17,Offer,10.37.225.74,2017-11-15 10:17:10.573244+00:00,1,,,0,1,,,,,0,1,,,,,,104,2dsbpta6,,,,,,1
1,4hcgh0zo,,0,67,1260,my_ultimatum_priors_social,17,Offer,10.37.225.74,2017-11-15 10:17:10.573244+00:00,1,,,0,1,,,,,0,1,,,,,,105,2dsbpta6,,,,,,1
1,4hcgh0zo,,0,67,1260,my_ultimatum_priors_social,17,Offer,10.37.225.74,2017-11-15 10:17:10.573244+00:00,1,,,0,1,,,,,0,1,,,,,,106,2dsbpta6,,,,,,1
1,4hcgh0zo,,0,67,1260,my_ultimatum_priors_social,17,Offer,10.37.225.74,2017-11-15 10:17:10.573244+00:00,1,,,0,1,,,,,0,1,,,,,,107,2dsbpta6,,,,,,1
1,4hcgh0zo,,0,67,1260,my_ultimatum_priors_social,17,Offer,10.37.225.74,2017-11-15 10:17:10.573244+00:00,1,,,0,1,,,,,0,1,,,,,,108,2dsbpta6,,,,,,1
1,4hcgh0zo,,0,67,1260,my_ultimatum_priors_social,17,Offer,10.37.225.74,2017-11-15 10:17:10.573244+00:00,1,,,0,1,,,,,0,1,,,,,,109,2dsbpta6,,,,,,1
1,4hcgh0zo,,0,67,1260,my_ultimatum_priors_social,17,Offer,10.37.225.74,2017-11-15 10:17:10.573244+00:00,1,,,0,1,,,,,0,1,,,,,,110,2dsbpta6,,,,,,1
1,4hcgh0zo,,0,67,1260,my_ultimatum_priors_social,17,Offer,10.37.225.74,2017-11-15 10:17:10.573244+00:00,1,,,0,1,,,,,0,1,,,,,,111,2dsbpta6,,,,,,1
1,4hcgh0zo,,0,67,1260,my_ultimatum_priors_social,17,Offer,10.37.225.74,2017-11-15 10:17:10.573244+00:00,1,,,0,1,,,,,0,1,,,,,,112,2dsbpta6,,,,,,1
1,4hcgh0zo,,0,67,1260,my_ultimatum_priors_social,17,Offer,10.37.225.74,2017-11-15 10:17:10.573244+00:00,1,,,0,1,,,,,0,1,,,,,,113,2dsbpta6,,,,,,1
1,4hcgh0zo,,0,67,1260,my_ultimatum_priors_social,17,Offer,10.37.225.74,2017-11-15 10:17:10.573244+00:00,1,,,0,1,,,,,0,1,,,,,,114,2dsbpta6,,,,,,1
1,4hcgh0zo,,0,67,1260,my_ultimatum_priors_social,17,Offer,10.37.225.74,2017-11-15 10:17:10.573244+00:00,1,,,0,1,,,,,0,1,,,,,,115,2dsbpta6,,,,,,1
1,4hcgh0zo,,0,67,1260,my_ultimatum_priors_social,17,Offer,10.37.225.74,2017-11-15 10:17:10.573244+00:00,1,,,0,1,,,,,0,1,,,,,,116,2dsbpta6,,,,,,1
1,4hcgh0zo,,0,67,1260,my_ultimatum_priors_social,17,Offer,10.37.225.74,2017-11-15 10:17:10.573244+00:00,1,,,0,1,,,,,0,1,,,,,,117,2dsbpta6,,,,,,1
1,4hcgh0zo,,0,67,1260,my_ultimatum_priors_social,17,Offer,10.37.225.74,2017-11-15 10:17:10.573244+00:00,1,,,0,1,,,,,0,1,,,,,,118,2dsbpta6,,,,,,1
1,4hcgh0zo,,0,67,1260,my_ultimatum_priors_social,17,Offer,10.37.225.74,2017-11-15 10:17:10.573244+00:00,1,,,0,1,,,,,0,1,,,,,,119,2dsbpta6,,,,,,1
1,4hcgh0zo,,0,67,1260,my_ultimatum_priors_social,17,Offer,10.37.225.74,2017-11-15 10:17:10.573244+00:00,1,,,0,1,,,,,0,1,,,,,,120,2dsbpta6,,,,,,1
1,kt36tyys,,0,1261,1260,my_ultimatum_3cond_block,120,Results,10.165.111.222,2017-11-15 10:17:14.127988+00:00,1,,,0,1,,,,,0,1,8,circle,12,Social,1,1,jhpv2v6n,,,,,,0
1,kt36tyys,,0,1261,1260,my_ultimatum_3cond_block,120,Results,10.165.111.222,2017-11-15 10:17:14.127988+00:00,1,,,0,1,,,,,0,1,4,triangle,0,Social,0,2,jhpv2v6n,,,,,,0
1,kt36tyys,,0,1261,1260,my_ultimatum_3cond_block,120,Results,10.165.111.222,2017-11-15 10:17:14.127988+00:00,1,,,0,1,,,,,0,1,6,square,14,Social,1,3,jhpv2v6n,,,,,,0
1,kt36tyys,,0,1261,1260,my_ultimatum_3cond_block,120,Results,10.165.111.222,2017-11-15 10:17:14.127988+00:00,1,,,0,1,,,,,0,1,5,square,15,Social,1,4,jhpv2v6n,,,,,,0
1,kt36tyys,,0,1261,1260,my_ultimatum_3cond_block,120,Results,10.165.111.222,2017-11-15 10:17:14.127988+00:00,1,,,0,1,,,,,0,1,10,triangle,10,Social,1,5,jhpv2v6n,,,,,,0
1,kt36tyys,,0,1261,1260,my_ultimatum_3cond_block,120,Results,10.165.111.222,2017-11-15 10:17:14.127988+00:00,1,,,0,1,,,,,0,1,6,circle,14,Social,1,6,jhpv2v6n,,,,,,0
1,kt36tyys,,0,1261,1260,my_ultimatum_3cond_block,120,Results,10.165.111.222,2017-11-15 10:17:14.127988+00:00,1,,,0,1,,,,,0,1,4,square,16,Social,1,7,jhpv2v6n,,,,,,0
1,kt36tyys,,0,1261,1260,my_ultimatum_3cond_block,120,Results,10.165.111.222,2017-11-15 10:17:14.127988+00:00,1,,,0,1,,,,,0,1,10,triangle,10,Social,1,8,jhpv2v6n,,,,,,0
1,kt36tyys,,0,1261,1260,my_ultimatum_3cond_block,120,Results,10.165.111.222,2017-11-15 10:17:14.127988+00:00,1,,,0,1,,,,,0,1,3,square,17,Social,1,9,jhpv2v6n,,,,,,0
1,kt36tyys,,0,1261,1260,my_ultimatum_3cond_block,120,Results,10.165.111.222,2017-11-15 10:17:14.127988+00:00,1,,,0,1,,,,,0,1,0,circle,0,Social,0,10,jhpv2v6n,,,,,,0
1,kt36tyys,,0,1261,1260,my_ultimatum_3cond_block,120,Results,10.165.111.222,2017-11-15 10:17:14.127988+00:00,1,,,0,1,,,,,0,1,4,square,16,Social,1,11,jhpv2v6n,,,,,,0
1,kt36tyys,,0,1261,1260,my_ultimatum_3cond_block,120,Results,10.165.111.222,2017-11-15 10:17:14.127988+00:00,1,,,0,1,,,,,0,1,3,square,17,Social,1,12,jhpv2v6n,,,,,,0
1,kt36tyys,,0,1261,1260,my_ultimatum_3cond_block,120,Results,10.165.111.222,2017-11-15 10:17:14.127988+00:00,1,,,0,1,,,,,0,1,2,circle,0,Social,0,13,jhpv2v6n,,,,,,0
1,kt36tyys,,0,1261,1260,my_ultimatum_3cond_block,120,Results,10.165.111.222,2017-11-15 10:17:14.127988+00:00,1,,,0,1,,,,,0,1,3,circle,17,Social,1,14,jhpv2v6n,,,,,,0
1,kt36tyys,,0,1261,1260,my_ultimatum_3cond_block,120,Results,10.165.111.222,2017-11-15 10:17:14.127988+00:00,1,,,0,1,,,,,0,1,5,square,15,Social,1,15,jhpv2v6n,,,,,,0
1,kt36tyys,,0,1261,1260,my_ultimatum_3cond_block,120,Results,10.165.111.222,2017-11-15 10:17:14.127988+00:00,1,,,0,1,,,,,0,1,10,triangle,10,Social,1,16,jhpv2v6n,,,,,,0
1,kt36tyys,,0,1261,1260,my_ultimatum_3cond_block,120,Results,10.165.111.222,2017-11-15 10:17:14.127988+00:00,1,,,0,1,,,,,0,1,4,circle,16,Social,1,17,jhpv2v6n,,,,,,0
1,kt36tyys,,0,1261,1260,my_ultimatum_3cond_block,120,Results,10.165.111.222,2017-11-15 10:17:14.127988+00:00,1,,,0,1,,,,,0,1,10,triangle,10,Social,1,18,jhpv2v6n,,,,,,0
1,kt36tyys,,0,1261,1260,my_ultimatum_3cond_block,120,Results,10.165.111.222,2017-11-15 10:17:14.127988+00:00,1,,,0,1,,,,,0,1,4,circle,16,Social,1,19,jhpv2v6n,,,,,,0
1,kt36tyys,,0,1261,1260,my_ultimatum_3cond_block,120,Results,10.165.111.222,2017-11-15 10:17:14.127988+00:00,1,,,0,1,,,,,0,1,3,circle,17,Social,1,20,jhpv2v6n,,,,,,0
1,kt36tyys,,0,1261,1260,my_ultimatum_3cond_block,120,Results,10.165.111.222,2017-11-15 10:17:14.127988+00:00,1,,,0,1,,,,,0,1,3,circle,0,Social,0,21,jhpv2v6n,,,,,,0
1,kt36tyys,,0,1261,1260,my_ultimatum_3cond_block,120,Results,10.165.111.222,2017-11-15 10:17:14.127988+00:00,1,,,0,1,,,,,0,1,4,square,16,Social,1,22,jhpv2v6n,,,,,,0
1,kt36tyys,,0,1261,1260,my_ultimatum_3cond_block,120,Results,10.165.111.222,2017-11-15 10:17:14.127988+00:00,1,,,0,1,,,,,0,1,3,square,17,Social,1,23,jhpv2v6n,,,,,,0
1,kt36tyys,,0,1261,1260,my_ultimatum_3cond_block,120,Results,10.165.111.222,2017-11-15 10:17:14.127988+00:00,1,,,0,1,,,,,0,1,3,square,0,Social,0,24,jhpv2v6n,,,,,,0
1,kt36tyys,,0,1261,1260,my_ultimatum_3cond_block,120,Results,10.165.111.222,2017-11-15 10:17:14.127988+00:00,1,,,0,1,,,,,0,1,10,triangle,10,Social,1,25,jhpv2v6n,,,,,,0
1,kt36tyys,,0,1261,1260,my_ultimatum_3cond_block,120,Results,10.165.111.222,2017-11-15 10:17:14.127988+00:00,1,,,0,1,,,,,0,1,5,circle,0,Social,0,26,jhpv2v6n,,,,,,0
1,kt36tyys,,0,1261,1260,my_ultimatum_3cond_block,120,Results,10.165.111.222,2017-11-15 10:17:14.127988+00:00,1,,,0,1,,,,,0,1,7,square,13,Social,1,27,jhpv2v6n,,,,,,0
1,kt36tyys,,0,1261,1260,my_ultimatum_3cond_block,120,Results,10.165.111.222,2017-11-15 10:17:14.127988+00:00,1,,,0,1,,,,,0,1,10,triangle,10,Social,1,28,jhpv2v6n,,,,,,0
1,kt36tyys,,0,1261,1260,my_ultimatum_3cond_block,120,Results,10.165.111.222,2017-11-15 10:17:14.127988+00:00,1,,,0,1,,,,,0,1,10,triangle,10,Social,1,29,jhpv2v6n,,,,,,0
1,kt36tyys,,0,1261,1260,my_ultimatum_3cond_block,120,Results,10.165.111.222,2017-11-15 10:17:14.127988+00:00,1,,,0,1,,,,,0,1,6,square,14,Social,1,30,jhpv2v6n,,,,,,0
1,kt36tyys,,0,1261,1260,my_ultimatum_3cond_block,120,Results,10.165.111.222,2017-11-15 10:17:14.127988+00:00,1,,,0,1,,,,,0,1,10,triangle,0,Social,0,31,jhpv2v6n,,,,,,0
1,kt36tyys,,0,1261,1260,my_ultimatum_3cond_block,120,Results,10.165.111.222,2017-11-15 10:17:14.127988+00:00,1,,,0,1,,,,,0,1,9,triangle,0,Social,0,32,jhpv2v6n,,,,,,0
1,kt36tyys,,0,1261,1260,my_ultimatum_3cond_block,120,Results,10.165.111.222,2017-11-15 10:17:14.127988+00:00,1,,,0,1,,,,,0,1,5,circle,15,Social,1,33,jhpv2v6n,,,,,,0
1,kt36tyys,,0,1261,1260,my_ultimatum_3cond_block,120,Results,10.165.111.222,2017-11-15 10:17:14.127988+00:00,1,,,0,1,,,,,0,1,10,triangle,10,Social,1,34,jhpv2v6n,,,,,,0
1,kt36tyys,,0,1261,1260,my_ultimatum_3cond_block,120,Results,10.165.111.222,2017-11-15 10:17:14.127988+00:00,1,,,0,1,,,,,0,1,6,circle,0,Social,0,35,jhpv2v6n,,,,,,0
1,kt36tyys,,0,1261,1260,my_ultimatum_3cond_block,120,Results,10.165.111.222,2017-11-15 10:17:14.127988+00:00,1,,,0,1,,,,,0,1,10,triangle,10,Social,1,36,jhpv2v6n,,,,,,0
1,kt36tyys,,0,1261,1260,my_ultimatum_3cond_block,120,Results,10.165.111.222,2017-11-15 10:17:14.127988+00:00,1,,,0,1,,,,,0,1,5,square,15,Social,1,37,jhpv2v6n,,,,,,0
1,kt36tyys,,0,1261,1260,my_ultimatum_3cond_block,120,Results,10.165.111.222,2017-11-15 10:17:14.127988+00:00,1,,,0,1,,,,,0,1,3,circle,17,Social,1,38,jhpv2v6n,,,,,,0
1,kt36tyys,,0,1261,1260,my_ultimatum_3cond_block,120,Results,10.165.111.222,2017-11-15 10:17:14.127988+00:00,1,,,0,1,,,,,0,1,4,square,16,Social,1,39,jhpv2v6n,,,,,,0
1,kt36tyys,,0,1261,1260,my_ultimatum_3cond_block,120,Results,10.165.111.222,2017-11-15 10:17:14.127988+00:00,1,,,0,1,,,,,0,1,10,triangle,0,Social,0,40,jhpv2v6n,,,,,,0
1,kt36tyys,,0,1261,1260,my_ultimatum_3cond_block,120,Results,10.165.111.222,2017-11-15 10:17:14.127988+00:00,1,,,0,1,,,,,0,1,10,triangle,10,Social,1,41,jhpv2v6n,,,,,,0
1,kt36tyys,,0,1261,1260,my_ultimatum_3cond_block,120,Results,10.165.111.222,2017-11-15 10:17:14.127988+00:00,1,,,0,1,,,,,0,1,4,circle,16,Social,1,42,jhpv2v6n,,,,,,0
1,kt36tyys,,0,1261,1260,my_ultimatum_3cond_block,120,Results,10.165.111.222,2017-11-15 10:17:14.127988+00:00,1,,,0,1,,,,,0,1,10,triangle,10,Social,1,43,jhpv2v6n,,,,,,0
1,kt36tyys,,0,1261,1260,my_ultimatum_3cond_block,120,Results,10.165.111.222,2017-11-15 10:17:14.127988+00:00,1,,,0,1,,,,,0,1,4,square,16,Social,1,44,jhpv2v6n,,,,,,0
1,kt36tyys,,0,1261,1260,my_ultimatum_3cond_block,120,Results,10.165.111.222,2017-11-15 10:17:14.127988+00:00,1,,,0,1,,,,,0,1,5,square,15,Social,1,45,jhpv2v6n,,,,,,0
1,kt36tyys,,0,1261,1260,my_ultimatum_3cond_block,120,Results,10.165.111.222,2017-11-15 10:17:14.127988+00:00,1,,,0,1,,,,,0,1,3,circle,0,Social,0,46,jhpv2v6n,,,,,,0
1,kt36tyys,,0,1261,1260,my_ultimatum_3cond_block,120,Results,10.165.111.222,2017-11-15 10:17:14.127988+00:00,1,,,0,1,,,,,0,1,4,square,16,Social,1,47,jhpv2v6n,,,,,,0
1,kt36tyys,,0,1261,1260,my_ultimatum_3cond_block,120,Results,10.165.111.222,2017-11-15 10:17:14.127988+00:00,1,,,0,1,,,,,0,1,5,square,15,Social,1,48,jhpv2v6n,,,,,,0
1,kt36tyys,,0,1261,1260,my_ultimatum_3cond_block,120,Results,10.165.111.222,2017-11-15 10:17:14.127988+00:00,1,,,0,1,,,,,0,1,4,square,16,Social,1,49,jhpv2v6n,,,,,,0
1,kt36tyys,,0,1261,1260,my_ultimatum_3cond_block,120,Results,10.165.111.222,2017-11-15 10:17:14.127988+00:00,1,,,0,1,,,,,0,1,3,circle,0,Social,0,50,jhpv2v6n,,,,,,0
1,kt36tyys,,0,1261,1260,my_ultimatum_3cond_block,120,Results,10.165.111.222,2017-11-15 10:17:14.127988+00:00,1,,,0,1,,,,,0,1,4,circle,16,Social,1,51,jhpv2v6n,,,,,,0
1,kt36tyys,,0,1261,1260,my_ultimatum_3cond_block,120,Results,10.165.111.222,2017-11-15 10:17:14.127988+00:00,1,,,0,1,,,,,0,1,5,square,15,Social,1,52,jhpv2v6n,,,,,,0
1,kt36tyys,,0,1261,1260,my_ultimatum_3cond_block,120,Results,10.165.111.222,2017-11-15 10:17:14.127988+00:00,1,,,0,1,,,,,0,1,10,triangle,10,Social,1,53,jhpv2v6n,,,,,,0
1,kt36tyys,,0,1261,1260,my_ultimatum_3cond_block,120,Results,10.165.111.222,2017-11-15 10:17:14.127988+00:00,1,,,0,1,,,,,0,1,4,square,16,Social,1,54,jhpv2v6n,,,,,,0
1,kt36tyys,,0,1261,1260,my_ultimatum_3cond_block,120,Results,10.165.111.222,2017-11-15 10:17:14.127988+00:00,1,,,0,1,,,,,0,1,10,triangle,10,Social,1,55,jhpv2v6n,,,,,,0
1,kt36tyys,,0,1261,1260,my_ultimatum_3cond_block,120,Results,10.165.111.222,2017-11-15 10:17:14.127988+00:00,1,,,0,1,,,,,0,1,4,square,16,Social,1,56,jhpv2v6n,,,,,,0
1,kt36tyys,,0,1261,1260,my_ultimatum_3cond_block,120,Results,10.165.111.222,2017-11-15 10:17:14.127988+00:00,1,,,0,1,,,,,0,1,3,circle,17,Social,1,57,jhpv2v6n,,,,,,0
1,kt36tyys,,0,1261,1260,my_ultimatum_3cond_block,120,Results,10.165.111.222,2017-11-15 10:17:14.127988+00:00,1,,,0,1,,,,,0,1,3,circle,17,Social,1,58,jhpv2v6n,,,,,,0
1,kt36tyys,,0,1261,1260,my_ultimatum_3cond_block,120,Results,10.165.111.222,2017-11-15 10:17:14.127988+00:00,1,,,0,1,,,,,0,1,4,square,16,Social,1,59,jhpv2v6n,,,,,,0
1,kt36tyys,,0,1261,1260,my_ultimatum_3cond_block,120,Results,10.165.111.222,2017-11-15 10:17:14.127988+00:00,1,,,0,1,,,,,0,1,4,circle,0,Social,0,60,jhpv2v6n,,,,,,0
1,kt36tyys,,0,1261,1260,my_ultimatum_3cond_block,120,Results,10.165.111.222,2017-11-15 10:17:14.127988+00:00,1,,,0,1,,,,,0,1,2,circle,18,Non-social,1,61,jhpv2v6n,,,,,,0
1,kt36tyys,,0,1261,1260,my_ultimatum_3cond_block,120,Results,10.165.111.222,2017-11-15 10:17:14.127988+00:00,1,,,0,1,,,,,0,1,3,square,17,Non-social,1,62,jhpv2v6n,,,,,,0
1,kt36tyys,,0,1261,1260,my_ultimatum_3cond_block,120,Results,10.165.111.222,2017-11-15 10:17:14.127988+00:00,1,,,0,1,,,,,0,1,1,circle,19,Non-social,1,63,jhpv2v6n,,,,,,0
1,kt36tyys,,0,1261,1260,my_ultimatum_3cond_block,120,Results,10.165.111.222,2017-11-15 10:17:14.127988+00:00,1,,,0,1,,,,,0,1,0,circle,0,Non-social,0,64,jhpv2v6n,,,,,,0
1,kt36tyys,,0,1261,1260,my_ultimatum_3cond_block,120,Results,10.165.111.222,2017-11-15 10:17:14.127988+00:00,1,,,0,1,,,,,0,1,3,circle,17,Non-social,1,65,jhpv2v6n,,,,,,0
1,kt36tyys,,0,1261,1260,my_ultimatum_3cond_block,120,Results,10.165.111.222,2017-11-15 10:17:14.127988+00:00,1,,,0,1,,,,,0,1,2,square,18,Non-social,1,66,jhpv2v6n,,,,,,0
1,kt36tyys,,0,1261,1260,my_ultimatum_3cond_block,120,Results,10.165.111.222,2017-11-15 10:17:14.127988+00:00,1,,,0,1,,,,,0,1,1,square,19,Non-social,1,67,jhpv2v6n,,,,,,0
1,kt36tyys,,0,1261,1260,my_ultimatum_3cond_block,120,Results,10.165.111.222,2017-11-15 10:17:14.127988+00:00,1,,,0,1,,,,,0,1,2,square,0,Non-social,0,68,jhpv2v6n,,,,,,0
1,kt36tyys,,0,1261,1260,my_ultimatum_3cond_block,120,Results,10.165.111.222,2017-11-15 10:17:14.127988+00:00,1,,,0,1,,,,,0,1,2,circle,0,Non-social,0,69,jhpv2v6n,,,,,,0
1,kt36tyys,,0,1261,1260,my_ultimatum_3cond_block,120,Results,10.165.111.222,2017-11-15 10:17:14.127988+00:00,1,,,0,1,,,,,0,1,5,circle,15,Non-social,1,70,jhpv2v6n,,,,,,0
1,kt36tyys,,0,1261,1260,my_ultimatum_3cond_block,120,Results,10.165.111.222,2017-11-15 10:17:14.127988+00:00,1,,,0,1,,,,,0,1,3,triangle,0,Non-social,0,71,jhpv2v6n,,,,,,0
1,kt36tyys,,0,1261,1260,my_ultimatum_3cond_block,120,Results,10.165.111.222,2017-11-15 10:17:14.127988+00:00,1,,,0,1,,,,,0,1,9,triangle,11,Non-social,1,72,jhpv2v6n,,,,,,0
1,kt36tyys,,0,1261,1260,my_ultimatum_3cond_block,120,Results,10.165.111.222,2017-11-15 10:17:14.127988+00:00,1,,,0,1,,,,,0,1,19,square,1,Non-social,1,73,jhpv2v6n,,,,,,0
1,kt36tyys,,0,1261,1260,my_ultimatum_3cond_block,120,Results,10.165.111.222,2017-11-15 10:17:14.127988+00:00,1,,,0,1,,,,,0,1,4,circle,16,Non-social,1,74,jhpv2v6n,,,,,,0
1,kt36tyys,,0,1261,1260,my_ultimatum_3cond_block,120,Results,10.165.111.222,2017-11-15 10:17:14.127988+00:00,1,,,0,1,,,,,0,1,4,circle,16,Non-social,1,75,jhpv2v6n,,,,,,0
1,kt36tyys,,0,1261,1260,my_ultimatum_3cond_block,120,Results,10.165.111.222,2017-11-15 10:17:14.127988+00:00,1,,,0,1,,,,,0,1,1,square,19,Non-social,1,76,jhpv2v6n,,,,,,0
1,kt36tyys,,0,1261,1260,my_ultimatum_3cond_block,120,Results,10.165.111.222,2017-11-15 10:17:14.127988+00:00,1,,,0,1,,,,,0,1,2,circle,18,Non-social,1,77,jhpv2v6n,,,,,,0
1,kt36tyys,,0,1261,1260,my_ultimatum_3cond_block,120,Results,10.165.111.222,2017-11-15 10:17:14.127988+00:00,1,,,0,1,,,,,0,1,3,circle,17,Non-social,1,78,jhpv2v6n,,,,,,0
1,kt36tyys,,0,1261,1260,my_ultimatum_3cond_block,120,Results,10.165.111.222,2017-11-15 10:17:14.127988+00:00,1,,,0,1,,,,,0,1,7,triangle,13,Non-social,1,79,jhpv2v6n,,,,,,0
1,kt36tyys,,0,1261,1260,my_ultimatum_3cond_block,120,Results,10.165.111.222,2017-11-15 10:17:14.127988+00:00,1,,,0,1,,,,,0,1,2,circle,18,Non-social,1,80,jhpv2v6n,,,,,,0
1,kt36tyys,,0,1261,1260,my_ultimatum_3cond_block,120,Results,10.165.111.222,2017-11-15 10:17:14.127988+00:00,1,,,0,1,,,,,0,1,3,square,17,Non-social,1,81,jhpv2v6n,,,,,,0
1,kt36tyys,,0,1261,1260,my_ultimatum_3cond_block,120,Results,10.165.111.222,2017-11-15 10:17:14.127988+00:00,1,,,0,1,,,,,0,1,5,triangle,0,Non-social,0,82,jhpv2v6n,,,,,,0
1,kt36tyys,,0,1261,1260,my_ultimatum_3cond_block,120,Results,10.165.111.222,2017-11-15 10:17:14.127988+00:00,1,,,0,1,,,,,0,1,4,triangle,0,Non-social,0,83,jhpv2v6n,,,,,,0
1,kt36tyys,,0,1261,1260,my_ultimatum_3cond_block,120,Results,10.165.111.222,2017-11-15 10:17:14.127988+00:00,1,,,0,1,,,,,0,1,5,circle,0,Non-social,0,84,jhpv2v6n,,,,,,0
1,kt36tyys,,0,1261,1260,my_ultimatum_3cond_block,120,Results,10.165.111.222,2017-11-15 10:17:14.127988+00:00,1,,,0,1,,,,,0,1,2,square,18,Non-social,1,85,jhpv2v6n,,,,,,0
1,kt36tyys,,0,1261,1260,my_ultimatum_3cond_block,120,Results,10.165.111.222,2017-11-15 10:17:14.127988+00:00,1,,,0,1,,,,,0,1,3,triangle,0,Non-social,0,86,jhpv2v6n,,,,,,0
1,kt36tyys,,0,1261,1260,my_ultimatum_3cond_block,120,Results,10.165.111.222,2017-11-15 10:17:14.127988+00:00,1,,,0,1,,,,,0,1,5,triangle,15,Non-social,1,87,jhpv2v6n,,,,,,0
1,kt36tyys,,0,1261,1260,my_ultimatum_3cond_block,120,Results,10.165.111.222,2017-11-15 10:17:14.127988+00:00,1,,,0,1,,,,,0,1,4,triangle,0,Non-social,0,88,jhpv2v6n,,,,,,0
1,kt36tyys,,0,1261,1260,my_ultimatum_3cond_block,120,Results,10.165.111.222,2017-11-15 10:17:14.127988+00:00,1,,,0,1,,,,,0,1,3,circle,17,Non-social,1,89,jhpv2v6n,,,,,,0
1,kt36tyys,,0,1261,1260,my_ultimatum_3cond_block,120,Results,10.165.111.222,2017-11-15 10:17:14.127988+00:00,1,,,0,1,,,,,0,1,4,circle,16,Non-social,1,90,jhpv2v6n,,,,,,0
1,kt36tyys,,0,1261,1260,my_ultimatum_3cond_block,120,Results,10.165.111.222,2017-11-15 10:17:14.127988+00:00,1,,,0,1,,,,,0,1,4,circle,0,Non-social,0,91,jhpv2v6n,,,,,,0
1,kt36tyys,,0,1261,1260,my_ultimatum_3cond_block,120,Results,10.165.111.222,2017-11-15 10:17:14.127988+00:00,1,,,0,1,,,,,0,1,5,triangle,15,Non-social,1,92,jhpv2v6n,,,,,,0
1,kt36tyys,,0,1261,1260,my_ultimatum_3cond_block,120,Results,10.165.111.222,2017-11-15 10:17:14.127988+00:00,1,,,0,1,,,,,0,1,4,triangle,0,Non-social,0,93,jhpv2v6n,,,,,,0
1,kt36tyys,,0,1261,1260,my_ultimatum_3cond_block,120,Results,10.165.111.222,2017-11-15 10:17:14.127988+00:00,1,,,0,1,,,,,0,1,3,square,17,Non-social,1,94,jhpv2v6n,,,,,,0
1,kt36tyys,,0,1261,1260,my_ultimatum_3cond_block,120,Results,10.165.111.222,2017-11-15 10:17:14.127988+00:00,1,,,0,1,,,,,0,1,2,circle,18,Non-social,1,95,jhpv2v6n,,,,,,0
1,kt36tyys,,0,1261,1260,my_ultimatum_3cond_block,120,Results,10.165.111.222,2017-11-15 10:17:14.127988+00:00,1,,,0,1,,,,,0,1,3,circle,17,Non-social,1,96,jhpv2v6n,,,,,,0
1,kt36tyys,,0,1261,1260,my_ultimatum_3cond_block,120,Results,10.165.111.222,2017-11-15 10:17:14.127988+00:00,1,,,0,1,,,,,0,1,3,square,17,Non-social,1,97,jhpv2v6n,,,,,,0
1,kt36tyys,,0,1261,1260,my_ultimatum_3cond_block,120,Results,10.165.111.222,2017-11-15 10:17:14.127988+00:00,1,,,0,1,,,,,0,1,2,circle,18,Non-social,1,98,jhpv2v6n,,,,,,0
1,kt36tyys,,0,1261,1260,my_ultimatum_3cond_block,120,Results,10.165.111.222,2017-11-15 10:17:14.127988+00:00,1,,,0,1,,,,,0,1,3,triangle,0,Non-social,0,99,jhpv2v6n,,,,,,0
1,kt36tyys,,0,1261,1260,my_ultimatum_3cond_block,120,Results,10.165.111.222,2017-11-15 10:17:14.127988+00:00,1,,,0,1,,,,,0,1,6,triangle,14,Non-social,1,100,jhpv2v6n,,,,,,0
1,kt36tyys,,0,1261,1260,my_ultimatum_3cond_block,120,Results,10.165.111.222,2017-11-15 10:17:14.127988+00:00,1,,,0,1,,,,,0,1,4,circle,0,Non-social,0,101,jhpv2v6n,,,,,,0
1,kt36tyys,,0,1261,1260,my_ultimatum_3cond_block,120,Results,10.165.111.222,2017-11-15 10:17:14.127988+00:00,1,,,0,1,,,,,0,1,3,square,0,Non-social,0,102,jhpv2v6n,,,,,,0
1,kt36tyys,,0,1261,1260,my_ultimatum_3cond_block,120,Results,10.165.111.222,2017-11-15 10:17:14.127988+00:00,1,,,0,1,,,,,0,1,5,circle,15,Non-social,1,103,jhpv2v6n,,,,,,0
1,kt36tyys,,0,1261,1260,my_ultimatum_3cond_block,120,Results,10.165.111.222,2017-11-15 10:17:14.127988+00:00,1,,,0,1,,,,,0,1,5,circle,15,Non-social,1,104,jhpv2v6n,,,,,,0
1,kt36tyys,,0,1261,1260,my_ultimatum_3cond_block,120,Results,10.165.111.222,2017-11-15 10:17:14.127988+00:00,1,,,0,1,,,,,0,1,2,triangle,0,Non-social,0,105,jhpv2v6n,,,,,,0
1,kt36tyys,,0,1261,1260,my_ultimatum_3cond_block,120,Results,10.165.111.222,2017-11-15 10:17:14.127988+00:00,1,,,0,1,,,,,0,1,4,square,16,Non-social,1,106,jhpv2v6n,,,,,,0
1,kt36tyys,,0,1261,1260,my_ultimatum_3cond_block,120,Results,10.165.111.222,2017-11-15 10:17:14.127988+00:00,1,,,0,1,,,,,0,1,4,square,16,Non-social,1,107,jhpv2v6n,,,,,,0
1,kt36tyys,,0,1261,1260,my_ultimatum_3cond_block,120,Results,10.165.111.222,2017-11-15 10:17:14.127988+00:00,1,,,0,1,,,,,0,1,4,square,16,Non-social,1,108,jhpv2v6n,,,,,,0
1,kt36tyys,,0,1261,1260,my_ultimatum_3cond_block,120,Results,10.165.111.222,2017-11-15 10:17:14.127988+00:00,1,,,0,1,,,,,0,1,2,square,18,Non-social,1,109,jhpv2v6n,,,,,,0
1,kt36tyys,,0,1261,1260,my_ultimatum_3cond_block,120,Results,10.165.111.222,2017-11-15 10:17:14.127988+00:00,1,,,0,1,,,,,0,1,2,square,18,Non-social,1,110,jhpv2v6n,,,,,,0
1,kt36tyys,,0,1261,1260,my_ultimatum_3cond_block,120,Results,10.165.111.222,2017-11-15 10:17:14.127988+00:00,1,,,0,1,,,,,0,1,2,square,18,Non-social,1,111,jhpv2v6n,,,,,,0
1,kt36tyys,,0,1261,1260,my_ultimatum_3cond_block,120,Results,10.165.111.222,2017-11-15 10:17:14.127988+00:00,1,,,0,1,,,,,0,1,2,circle,18,Non-social,1,112,jhpv2v6n,,,,,,0
1,kt36tyys,,0,1261,1260,my_ultimatum_3cond_block,120,Results,10.165.111.222,2017-11-15 10:17:14.127988+00:00,1,,,0,1,,,,,0,1,3,square,17,Non-social,1,113,jhpv2v6n,,,,,,0
1,kt36tyys,,0,1261,1260,my_ultimatum_3cond_block,120,Results,10.165.111.222,2017-11-15 10:17:14.127988+00:00,1,,,0,1,,,,,0,1,2,square,18,Non-social,1,114,jhpv2v6n,,,,,,0
1,kt36tyys,,0,1261,1260,my_ultimatum_3cond_block,120,Results,10.165.111.222,2017-11-15 10:17:14.127988+00:00,1,,,0,1,,,,,0,1,5,triangle,15,Non-social,1,115,jhpv2v6n,,,,,,0
1,kt36tyys,,0,1261,1260,my_ultimatum_3cond_block,120,Results,10.165.111.222,2017-11-15 10:17:14.127988+00:00,1,,,0,1,,,,,0,1,3,circle,0,Non-social,0,116,jhpv2v6n,,,,,,0
1,kt36tyys,,0,1261,1260,my_ultimatum_3cond_block,120,Results,10.165.111.222,2017-11-15 10:17:14.127988+00:00,1,,,0,1,,,,,0,1,4,square,0,Non-social,0,117,jhpv2v6n,,,,,,0
1,kt36tyys,,0,1261,1260,my_ultimatum_3cond_block,120,Results,10.165.111.222,2017-11-15 10:17:14.127988+00:00,1,,,0,1,,,,,0,1,1,triangle,0,Non-social,0,118,jhpv2v6n,,,,,,0
1,kt36tyys,,0,1261,1260,my_ultimatum_3cond_block,120,Results,10.165.111.222,2017-11-15 10:17:14.127988+00:00,1,,,0,1,,,,,0,1,4,triangle,16,Non-social,1,119,jhpv2v6n,,,,,,0
1,kt36tyys,,0,1261,1260,my_ultimatum_3cond_block,120,Results,10.165.111.222,2017-11-15 10:17:14.127988+00:00,1,,,0,1,,,,,0,1,3,square,17,Non-social,1,120,jhpv2v6n,,,,,,0
1,wbfcp26m,,0,901,900,my_ultimatum_3cond_block,120,Results,10.111.199.138,2017-11-15 10:17:46.618096+00:00,1,,,0,1,,,,,0,1,7,circle,13,Social,1,1,8x2mw1fm,,,,,,0
1,wbfcp26m,,0,901,900,my_ultimatum_3cond_block,120,Results,10.111.199.138,2017-11-15 10:17:46.618096+00:00,1,,,0,1,,,,,0,1,4,circle,16,Social,1,2,8x2mw1fm,,,,,,0
1,wbfcp26m,,0,901,900,my_ultimatum_3cond_block,120,Results,10.111.199.138,2017-11-15 10:17:46.618096+00:00,1,,,0,1,,,,,0,1,4,circle,0,Social,0,3,8x2mw1fm,,,,,,0
1,wbfcp26m,,0,901,900,my_ultimatum_3cond_block,120,Results,10.111.199.138,2017-11-15 10:17:46.618096+00:00,1,,,0,1,,,,,0,1,3,square,17,Social,1,4,8x2mw1fm,,,,,,0
1,wbfcp26m,,0,901,900,my_ultimatum_3cond_block,120,Results,10.111.199.138,2017-11-15 10:17:46.618096+00:00,1,,,0,1,,,,,0,1,3,circle,17,Social,1,5,8x2mw1fm,,,,,,0
1,wbfcp26m,,0,901,900,my_ultimatum_3cond_block,120,Results,10.111.199.138,2017-11-15 10:17:46.618096+00:00,1,,,0,1,,,,,0,1,3,triangle,0,Social,0,6,8x2mw1fm,,,,,,0
1,wbfcp26m,,0,901,900,my_ultimatum_3cond_block,120,Results,10.111.199.138,2017-11-15 10:17:46.618096+00:00,1,,,0,1,,,,,0,1,3,square,17,Social,1,7,8x2mw1fm,,,,,,0
1,wbfcp26m,,0,901,900,my_ultimatum_3cond_block,120,Results,10.111.199.138,2017-11-15 10:17:46.618096+00:00,1,,,0,1,,,,,0,1,3,triangle,0,Social,0,8,8x2mw1fm,,,,,,0
1,wbfcp26m,,0,901,900,my_ultimatum_3cond_block,120,Results,10.111.199.138,2017-11-15 10:17:46.618096+00:00,1,,,0,1,,,,,0,1,4,triangle,0,Social,0,9,8x2mw1fm,,,,,,0
1,wbfcp26m,,0,901,900,my_ultimatum_3cond_block,120,Results,10.111.199.138,2017-11-15 10:17:46.618096+00:00,1,,,0,1,,,,,0,1,4,triangle,0,Social,0,10,8x2mw1fm,,,,,,0
1,wbfcp26m,,0,901,900,my_ultimatum_3cond_block,120,Results,10.111.199.138,2017-11-15 10:17:46.618096+00:00,1,,,0,1,,,,,0,1,4,square,16,Social,1,11,8x2mw1fm,,,,,,0
1,wbfcp26m,,0,901,900,my_ultimatum_3cond_block,120,Results,10.111.199.138,2017-11-15 10:17:46.618096+00:00,1,,,0,1,,,,,0,1,3,circle,0,Social,0,12,8x2mw1fm,,,,,,0
1,wbfcp26m,,0,901,900,my_ultimatum_3cond_block,120,Results,10.111.199.138,2017-11-15 10:17:46.618096+00:00,1,,,0,1,,,,,0,1,4,circle,0,Social,0,13,8x2mw1fm,,,,,,0
1,wbfcp26m,,0,901,900,my_ultimatum_3cond_block,120,Results,10.111.199.138,2017-11-15 10:17:46.618096+00:00,1,,,0,1,,,,,0,1,5,circle,15,Social,1,14,8x2mw1fm,,,,,,0
1,wbfcp26m,,0,901,900,my_ultimatum_3cond_block,120,Results,10.111.199.138,2017-11-15 10:17:46.618096+00:00,1,,,0,1,,,,,0,1,5,square,15,Social,1,15,8x2mw1fm,,,,,,0
1,wbfcp26m,,0,901,900,my_ultimatum_3cond_block,120,Results,10.111.199.138,2017-11-15 10:17:46.618096+00:00,1,,,0,1,,,,,0,1,5,square,15,Social,1,16,8x2mw1fm,,,,,,0
1,wbfcp26m,,0,901,900,my_ultimatum_3cond_block,120,Results,10.111.199.138,2017-11-15 10:17:46.618096+00:00,1,,,0,1,,,,,0,1,3,circle,17,Social,1,17,8x2mw1fm,,,,,,0
1,wbfcp26m,,0,901,900,my_ultimatum_3cond_block,120,Results,10.111.199.138,2017-11-15 10:17:46.618096+00:00,1,,,0,1,,,,,0,1,3,circle,17,Social,1,18,8x2mw1fm,,,,,,0
1,wbfcp26m,,0,901,900,my_ultimatum_3cond_block,120,Results,10.111.199.138,2017-11-15 10:17:46.618096+00:00,1,,,0,1,,,,,0,1,3,triangle,0,Social,0,19,8x2mw1fm,,,,,,0
1,wbfcp26m,,0,901,900,my_ultimatum_3cond_block,120,Results,10.111.199.138,2017-11-15 10:17:46.618096+00:00,1,,,0,1,,,,,0,1,3,circle,0,Social,0,20,8x2mw1fm,,,,,,0
1,wbfcp26m,,0,901,900,my_ultimatum_3cond_block,120,Results,10.111.199.138,2017-11-15 10:17:46.618096+00:00,1,,,0,1,,,,,0,1,3,circle,17,Social,1,21,8x2mw1fm,,,,,,0
1,wbfcp26m,,0,901,900,my_ultimatum_3cond_block,120,Results,10.111.199.138,2017-11-15 10:17:46.618096+00:00,1,,,0,1,,,,,0,1,5,triangle,15,Social,1,22,8x2mw1fm,,,,,,0
1,wbfcp26m,,0,901,900,my_ultimatum_3cond_block,120,Results,10.111.199.138,2017-11-15 10:17:46.618096+00:00,1,,,0,1,,,,,0,1,5,triangle,0,Social,0,23,8x2mw1fm,,,,,,0
1,wbfcp26m,,0,901,900,my_ultimatum_3cond_block,120,Results,10.111.199.138,2017-11-15 10:17:46.618096+00:00,1,,,0,1,,,,,0,1,5,square,15,Social,1,24,8x2mw1fm,,,,,,0
1,wbfcp26m,,0,901,900,my_ultimatum_3cond_block,120,Results,10.111.199.138,2017-11-15 10:17:46.618096+00:00,1,,,0,1,,,,,0,1,5,triangle,0,Social,0,25,8x2mw1fm,,,,,,0
1,wbfcp26m,,0,901,900,my_ultimatum_3cond_block,120,Results,10.111.199.138,2017-11-15 10:17:46.618096+00:00,1,,,0,1,,,,,0,1,5,square,15,Social,1,26,8x2mw1fm,,,,,,0
1,wbfcp26m,,0,901,900,my_ultimatum_3cond_block,120,Results,10.111.199.138,2017-11-15 10:17:46.618096+00:00,1,,,0,1,,,,,0,1,3,square,17,Social,1,27,8x2mw1fm,,,,,,0
1,wbfcp26m,,0,901,900,my_ultimatum_3cond_block,120,Results,10.111.199.138,2017-11-15 10:17:46.618096+00:00,1,,,0,1,,,,,0,1,3,circle,0,Social,0,28,8x2mw1fm,,,,,,0
1,wbfcp26m,,0,901,900,my_ultimatum_3cond_block,120,Results,10.111.199.138,2017-11-15 10:17:46.618096+00:00,1,,,0,1,,,,,0,1,5,triangle,15,Social,1,29,8x2mw1fm,,,,,,0
1,wbfcp26m,,0,901,900,my_ultimatum_3cond_block,120,Results,10.111.199.138,2017-11-15 10:17:46.618096+00:00,1,,,0,1,,,,,0,1,3,square,17,Social,1,30,8x2mw1fm,,,,,,0
1,wbfcp26m,,0,901,900,my_ultimatum_3cond_block,120,Results,10.111.199.138,2017-11-15 10:17:46.618096+00:00,1,,,0,1,,,,,0,1,5,triangle,15,Social,1,31,8x2mw1fm,,,,,,0
1,wbfcp26m,,0,901,900,my_ultimatum_3cond_block,120,Results,10.111.199.138,2017-11-15 10:17:46.618096+00:00,1,,,0,1,,,,,0,1,4,circle,0,Social,0,32,8x2mw1fm,,,,,,0
1,wbfcp26m,,0,901,900,my_ultimatum_3cond_block,120,Results,10.111.199.138,2017-11-15 10:17:46.618096+00:00,1,,,0,1,,,,,0,1,4,circle,16,Social,1,33,8x2mw1fm,,,,,,0
1,wbfcp26m,,0,901,900,my_ultimatum_3cond_block,120,Results,10.111.199.138,2017-11-15 10:17:46.618096+00:00,1,,,0,1,,,,,0,1,5,triangle,0,Social,0,34,8x2mw1fm,,,,,,0
1,wbfcp26m,,0,901,900,my_ultimatum_3cond_block,120,Results,10.111.199.138,2017-11-15 10:17:46.618096+00:00,1,,,0,1,,,,,0,1,4,circle,0,Social,0,35,8x2mw1fm,,,,,,0
1,wbfcp26m,,0,901,900,my_ultimatum_3cond_block,120,Results,10.111.199.138,2017-11-15 10:17:46.618096+00:00,1,,,0,1,,,,,0,1,5,triangle,0,Social,0,36,8x2mw1fm,,,,,,0
1,wbfcp26m,,0,901,900,my_ultimatum_3cond_block,120,Results,10.111.199.138,2017-11-15 10:17:46.618096+00:00,1,,,0,1,,,,,0,1,5,square,15,Social,1,37,8x2mw1fm,,,,,,0
1,wbfcp26m,,0,901,900,my_ultimatum_3cond_block,120,Results,10.111.199.138,2017-11-15 10:17:46.618096+00:00,1,,,0,1,,,,,0,1,3,circle,17,Social,1,38,8x2mw1fm,,,,,,0
1,wbfcp26m,,0,901,900,my_ultimatum_3cond_block,120,Results,10.111.199.138,2017-11-15 10:17:46.618096+00:00,1,,,0,1,,,,,0,1,5,triangle,0,Social,0,39,8x2mw1fm,,,,,,0
1,wbfcp26m,,0,901,900,my_ultimatum_3cond_block,120,Results,10.111.199.138,2017-11-15 10:17:46.618096+00:00,1,,,0,1,,,,,0,1,4,circle,16,Social,1,40,8x2mw1fm,,,,,,0
1,wbfcp26m,,0,901,900,my_ultimatum_3cond_block,120,Results,10.111.199.138,2017-11-15 10:17:46.618096+00:00,1,,,0,1,,,,,0,1,3,circle,17,Social,1,41,8x2mw1fm,,,,,,0
1,wbfcp26m,,0,901,900,my_ultimatum_3cond_block,120,Results,10.111.199.138,2017-11-15 10:17:46.618096+00:00,1,,,0,1,,,,,0,1,3,triangle,0,Social,0,42,8x2mw1fm,,,,,,0
1,wbfcp26m,,0,901,900,my_ultimatum_3cond_block,120,Results,10.111.199.138,2017-11-15 10:17:46.618096+00:00,1,,,0,1,,,,,0,1,4,square,16,Social,1,43,8x2mw1fm,,,,,,0
1,wbfcp26m,,0,901,900,my_ultimatum_3cond_block,120,Results,10.111.199.138,2017-11-15 10:17:46.618096+00:00,1,,,0,1,,,,,0,1,4,square,16,Social,1,44,8x2mw1fm,,,,,,0
1,wbfcp26m,,0,901,900,my_ultimatum_3cond_block,120,Results,10.111.199.138,2017-11-15 10:17:46.618096+00:00,1,,,0,1,,,,,0,1,3,square,17,Social,1,45,8x2mw1fm,,,,,,0
1,wbfcp26m,,0,901,900,my_ultimatum_3cond_block,120,Results,10.111.199.138,2017-11-15 10:17:46.618096+00:00,1,,,0,1,,,,,0,1,3,circle,17,Social,1,46,8x2mw1fm,,,,,,0
1,wbfcp26m,,0,901,900,my_ultimatum_3cond_block,120,Results,10.111.199.138,2017-11-15 10:17:46.618096+00:00,1,,,0,1,,,,,0,1,3,triangle,0,Social,0,47,8x2mw1fm,,,,,,0
1,wbfcp26m,,0,901,900,my_ultimatum_3cond_block,120,Results,10.111.199.138,2017-11-15 10:17:46.618096+00:00,1,,,0,1,,,,,0,1,4,triangle,0,Social,0,48,8x2mw1fm,,,,,,0
1,wbfcp26m,,0,901,900,my_ultimatum_3cond_block,120,Results,10.111.199.138,2017-11-15 10:17:46.618096+00:00,1,,,0,1,,,,,0,1,4,square,16,Social,1,49,8x2mw1fm,,,,,,0
1,wbfcp26m,,0,901,900,my_ultimatum_3cond_block,120,Results,10.111.199.138,2017-11-15 10:17:46.618096+00:00,1,,,0,1,,,,,0,1,4,square,16,Social,1,50,8x2mw1fm,,,,,,0
1,wbfcp26m,,0,901,900,my_ultimatum_3cond_block,120,Results,10.111.199.138,2017-11-15 10:17:46.618096+00:00,1,,,0,1,,,,,0,1,3,square,17,Social,1,51,8x2mw1fm,,,,,,0
1,wbfcp26m,,0,901,900,my_ultimatum_3cond_block,120,Results,10.111.199.138,2017-11-15 10:17:46.618096+00:00,1,,,0,1,,,,,0,1,3,square,17,Social,1,52,8x2mw1fm,,,,,,0
1,wbfcp26m,,0,901,900,my_ultimatum_3cond_block,120,Results,10.111.199.138,2017-11-15 10:17:46.618096+00:00,1,,,0,1,,,,,0,1,4,triangle,0,Social,0,53,8x2mw1fm,,,,,,0
1,wbfcp26m,,0,901,900,my_ultimatum_3cond_block,120,Results,10.111.199.138,2017-11-15 10:17:46.618096+00:00,1,,,0,1,,,,,0,1,3,triangle,0,Social,0,54,8x2mw1fm,,,,,,0
1,wbfcp26m,,0,901,900,my_ultimatum_3cond_block,120,Results,10.111.199.138,2017-11-15 10:17:46.618096+00:00,1,,,0,1,,,,,0,1,3,circle,0,Social,0,55,8x2mw1fm,,,,,,0
1,wbfcp26m,,0,901,900,my_ultimatum_3cond_block,120,Results,10.111.199.138,2017-11-15 10:17:46.618096+00:00,1,,,0,1,,,,,0,1,4,triangle,0,Social,0,56,8x2mw1fm,,,,,,0
1,wbfcp26m,,0,901,900,my_ultimatum_3cond_block,120,Results,10.111.199.138,2017-11-15 10:17:46.618096+00:00,1,,,0,1,,,,,0,1,4,square,16,Social,1,57,8x2mw1fm,,,,,,0
1,wbfcp26m,,0,901,900,my_ultimatum_3cond_block,120,Results,10.111.199.138,2017-11-15 10:17:46.618096+00:00,1,,,0,1,,,,,0,1,4,square,16,Social,1,58,8x2mw1fm,,,,,,0
1,wbfcp26m,,0,901,900,my_ultimatum_3cond_block,120,Results,10.111.199.138,2017-11-15 10:17:46.618096+00:00,1,,,0,1,,,,,0,1,3,circle,17,Social,1,59,8x2mw1fm,,,,,,0
1,wbfcp26m,,0,901,900,my_ultimatum_3cond_block,120,Results,10.111.199.138,2017-11-15 10:17:46.618096+00:00,1,,,0,1,,,,,0,1,4,square,16,Social,1,60,8x2mw1fm,,,,,,0
1,wbfcp26m,,0,901,900,my_ultimatum_3cond_block,120,Results,10.111.199.138,2017-11-15 10:17:46.618096+00:00,1,,,0,1,,,,,0,1,4,circle,16,Non-social,1,61,8x2mw1fm,,,,,,0
1,wbfcp26m,,0,901,900,my_ultimatum_3cond_block,120,Results,10.111.199.138,2017-11-15 10:17:46.618096+00:00,1,,,0,1,,,,,0,1,3,circle,17,Non-social,1,62,8x2mw1fm,,,,,,0
1,wbfcp26m,,0,901,900,my_ultimatum_3cond_block,120,Results,10.111.199.138,2017-11-15 10:17:46.618096+00:00,1,,,0,1,,,,,0,1,1,circle,0,Non-social,0,63,8x2mw1fm,,,,,,0
1,wbfcp26m,,0,901,900,my_ultimatum_3cond_block,120,Results,10.111.199.138,2017-11-15 10:17:46.618096+00:00,1,,,0,1,,,,,0,1,2,circle,0,Non-social,0,64,8x2mw1fm,,,,,,0
1,wbfcp26m,,0,901,900,my_ultimatum_3cond_block,120,Results,10.111.199.138,2017-11-15 10:17:46.618096+00:00,1,,,0,1,,,,,0,1,2,circle,0,Non-social,0,65,8x2mw1fm,,,,,,0
1,wbfcp26m,,0,901,900,my_ultimatum_3cond_block,120,Results,10.111.199.138,2017-11-15 10:17:46.618096+00:00,1,,,0,1,,,,,0,1,3,square,17,Non-social,1,66,8x2mw1fm,,,,,,0
1,wbfcp26m,,0,901,900,my_ultimatum_3cond_block,120,Results,10.111.199.138,2017-11-15 10:17:46.618096+00:00,1,,,0,1,,,,,0,1,3,circle,17,Non-social,1,67,8x2mw1fm,,,,,,0
1,wbfcp26m,,0,901,900,my_ultimatum_3cond_block,120,Results,10.111.199.138,2017-11-15 10:17:46.618096+00:00,1,,,0,1,,,,,0,1,3,square,17,Non-social,1,68,8x2mw1fm,,,,,,0
1,wbfcp26m,,0,901,900,my_ultimatum_3cond_block,120,Results,10.111.199.138,2017-11-15 10:17:46.618096+00:00,1,,,0,1,,,,,0,1,3,circle,0,Non-social,0,69,8x2mw1fm,,,,,,0
1,wbfcp26m,,0,901,900,my_ultimatum_3cond_block,120,Results,10.111.199.138,2017-11-15 10:17:46.618096+00:00,1,,,0,1,,,,,0,1,3,circle,17,Non-social,1,70,8x2mw1fm,,,,,,0
1,wbfcp26m,,0,901,900,my_ultimatum_3cond_block,120,Results,10.111.199.138,2017-11-15 10:17:46.618096+00:00,1,,,0,1,,,,,0,1,3,square,17,Non-social,1,71,8x2mw1fm,,,,,,0
1,wbfcp26m,,0,901,900,my_ultimatum_3cond_block,120,Results,10.111.199.138,2017-11-15 10:17:46.618096+00:00,1,,,0,1,,,,,0,1,4,triangle,0,Non-social,0,72,8x2mw1fm,,,,,,0
1,wbfcp26m,,0,901,900,my_ultimatum_3cond_block,120,Results,10.111.199.138,2017-11-15 10:17:46.618096+00:00,1,,,0,1,,,,,0,1,3,square,17,Non-social,1,73,8x2mw1fm,,,,,,0
1,wbfcp26m,,0,901,900,my_ultimatum_3cond_block,120,Results,10.111.199.138,2017-11-15 10:17:46.618096+00:00,1,,,0,1,,,,,0,1,4,triangle,0,Non-social,0,74,8x2mw1fm,,,,,,0
1,wbfcp26m,,0,901,900,my_ultimatum_3cond_block,120,Results,10.111.199.138,2017-11-15 10:17:46.618096+00:00,1,,,0,1,,,,,0,1,3,square,17,Non-social,1,75,8x2mw1fm,,,,,,0
1,wbfcp26m,,0,901,900,my_ultimatum_3cond_block,120,Results,10.111.199.138,2017-11-15 10:17:46.618096+00:00,1,,,0,1,,,,,0,1,4,circle,16,Non-social,1,76,8x2mw1fm,,,,,,0
1,wbfcp26m,,0,901,900,my_ultimatum_3cond_block,120,Results,10.111.199.138,2017-11-15 10:17:46.618096+00:00,1,,,0,1,,,,,0,1,9,circle,11,Non-social,1,77,8x2mw1fm,,,,,,0
1,wbfcp26m,,0,901,900,my_ultimatum_3cond_block,120,Results,10.111.199.138,2017-11-15 10:17:46.618096+00:00,1,,,0,1,,,,,0,1,3,square,17,Non-social,1,78,8x2mw1fm,,,,,,0
1,wbfcp26m,,0,901,900,my_ultimatum_3cond_block,120,Results,10.111.199.138,2017-11-15 10:17:46.618096+00:00,1,,,0,1,,,,,0,1,3,circle,0,Non-social,0,79,8x2mw1fm,,,,,,0
1,wbfcp26m,,0,901,900,my_ultimatum_3cond_block,120,Results,10.111.199.138,2017-11-15 10:17:46.618096+00:00,1,,,0,1,,,,,0,1,5,circle,15,Non-social,1,80,8x2mw1fm,,,,,,0
1,wbfcp26m,,0,901,900,my_ultimatum_3cond_block,120,Results,10.111.199.138,2017-11-15 10:17:46.618096+00:00,1,,,0,1,,,,,0,1,2,square,18,Non-social,1,81,8x2mw1fm,,,,,,0
1,wbfcp26m,,0,901,900,my_ultimatum_3cond_block,120,Results,10.111.199.138,2017-11-15 10:17:46.618096+00:00,1,,,0,1,,,,,0,1,2,triangle,0,Non-social,0,82,8x2mw1fm,,,,,,0
1,wbfcp26m,,0,901,900,my_ultimatum_3cond_block,120,Results,10.111.199.138,2017-11-15 10:17:46.618096+00:00,1,,,0,1,,,,,0,1,3,square,17,Non-social,1,83,8x2mw1fm,,,,,,0
1,wbfcp26m,,0,901,900,my_ultimatum_3cond_block,120,Results,10.111.199.138,2017-11-15 10:17:46.618096+00:00,1,,,0,1,,,,,0,1,3,circle,17,Non-social,1,84,8x2mw1fm,,,,,,0
1,wbfcp26m,,0,901,900,my_ultimatum_3cond_block,120,Results,10.111.199.138,2017-11-15 10:17:46.618096+00:00,1,,,0,1,,,,,0,1,3,triangle,0,Non-social,0,85,8x2mw1fm,,,,,,0
1,wbfcp26m,,0,901,900,my_ultimatum_3cond_block,120,Results,10.111.199.138,2017-11-15 10:17:46.618096+00:00,1,,,0,1,,,,,0,1,3,triangle,17,Non-social,1,86,8x2mw1fm,,,,,,0
1,wbfcp26m,,0,901,900,my_ultimatum_3cond_block,120,Results,10.111.199.138,2017-11-15 10:17:46.618096+00:00,1,,,0,1,,,,,0,1,5,circle,0,Non-social,0,87,8x2mw1fm,,,,,,0
1,wbfcp26m,,0,901,900,my_ultimatum_3cond_block,120,Results,10.111.199.138,2017-11-15 10:17:46.618096+00:00,1,,,0,1,,,,,0,1,4,triangle,0,Non-social,0,88,8x2mw1fm,,,,,,0
1,wbfcp26m,,0,901,900,my_ultimatum_3cond_block,120,Results,10.111.199.138,2017-11-15 10:17:46.618096+00:00,1,,,0,1,,,,,0,1,3,circle,17,Non-social,1,89,8x2mw1fm,,,,,,0
1,wbfcp26m,,0,901,900,my_ultimatum_3cond_block,120,Results,10.111.199.138,2017-11-15 10:17:46.618096+00:00,1,,,0,1,,,,,0,1,5,triangle,0,Non-social,0,90,8x2mw1fm,,,,,,0
1,wbfcp26m,,0,901,900,my_ultimatum_3cond_block,120,Results,10.111.199.138,2017-11-15 10:17:46.618096+00:00,1,,,0,1,,,,,0,1,3,circle,17,Non-social,1,91,8x2mw1fm,,,,,,0
1,wbfcp26m,,0,901,900,my_ultimatum_3cond_block,120,Results,10.111.199.138,2017-11-15 10:17:46.618096+00:00,1,,,0,1,,,,,0,1,2,square,18,Non-social,1,92,8x2mw1fm,,,,,,0
1,wbfcp26m,,0,901,900,my_ultimatum_3cond_block,120,Results,10.111.199.138,2017-11-15 10:17:46.618096+00:00,1,,,0,1,,,,,0,1,2,triangle,0,Non-social,0,93,8x2mw1fm,,,,,,0
1,wbfcp26m,,0,901,900,my_ultimatum_3cond_block,120,Results,10.111.199.138,2017-11-15 10:17:46.618096+00:00,1,,,0,1,,,,,0,1,4,triangle,0,Non-social,0,94,8x2mw1fm,,,,,,0
1,wbfcp26m,,0,901,900,my_ultimatum_3cond_block,120,Results,10.111.199.138,2017-11-15 10:17:46.618096+00:00,1,,,0,1,,,,,0,1,3,circle,17,Non-social,1,95,8x2mw1fm,,,,,,0
1,wbfcp26m,,0,901,900,my_ultimatum_3cond_block,120,Results,10.111.199.138,2017-11-15 10:17:46.618096+00:00,1,,,0,1,,,,,0,1,2,square,18,Non-social,1,96,8x2mw1fm,,,,,,0
1,wbfcp26m,,0,901,900,my_ultimatum_3cond_block,120,Results,10.111.199.138,2017-11-15 10:17:46.618096+00:00,1,,,0,1,,,,,0,1,3,circle,17,Non-social,1,97,8x2mw1fm,,,,,,0
1,wbfcp26m,,0,901,900,my_ultimatum_3cond_block,120,Results,10.111.199.138,2017-11-15 10:17:46.618096+00:00,1,,,0,1,,,,,0,1,3,circle,17,Non-social,1,98,8x2mw1fm,,,,,,0
1,wbfcp26m,,0,901,900,my_ultimatum_3cond_block,120,Results,10.111.199.138,2017-11-15 10:17:46.618096+00:00,1,,,0,1,,,,,0,1,3,square,17,Non-social,1,99,8x2mw1fm,,,,,,0
1,wbfcp26m,,0,901,900,my_ultimatum_3cond_block,120,Results,10.111.199.138,2017-11-15 10:17:46.618096+00:00,1,,,0,1,,,,,0,1,4,square,16,Non-social,1,100,8x2mw1fm,,,,,,0
1,wbfcp26m,,0,901,900,my_ultimatum_3cond_block,120,Results,10.111.199.138,2017-11-15 10:17:46.618096+00:00,1,,,0,1,,,,,0,1,3,triangle,0,Non-social,0,101,8x2mw1fm,,,,,,0
1,wbfcp26m,,0,901,900,my_ultimatum_3cond_block,120,Results,10.111.199.138,2017-11-15 10:17:46.618096+00:00,1,,,0,1,,,,,0,1,4,triangle,0,Non-social,0,102,8x2mw1fm,,,,,,0
1,wbfcp26m,,0,901,900,my_ultimatum_3cond_block,120,Results,10.111.199.138,2017-11-15 10:17:46.618096+00:00,1,,,0,1,,,,,0,1,4,circle,16,Non-social,1,103,8x2mw1fm,,,,,,0
1,wbfcp26m,,0,901,900,my_ultimatum_3cond_block,120,Results,10.111.199.138,2017-11-15 10:17:46.618096+00:00,1,,,0,1,,,,,0,1,4,circle,16,Non-social,1,104,8x2mw1fm,,,,,,0
1,wbfcp26m,,0,901,900,my_ultimatum_3cond_block,120,Results,10.111.199.138,2017-11-15 10:17:46.618096+00:00,1,,,0,1,,,,,0,1,3,triangle,0,Non-social,0,105,8x2mw1fm,,,,,,0
1,wbfcp26m,,0,901,900,my_ultimatum_3cond_block,120,Results,10.111.199.138,2017-11-15 10:17:46.618096+00:00,1,,,0,1,,,,,0,1,4,circle,16,Non-social,1,106,8x2mw1fm,,,,,,0
1,wbfcp26m,,0,901,900,my_ultimatum_3cond_block,120,Results,10.111.199.138,2017-11-15 10:17:46.618096+00:00,1,,,0,1,,,,,0,1,4,square,16,Non-social,1,107,8x2mw1fm,,,,,,0
1,wbfcp26m,,0,901,900,my_ultimatum_3cond_block,120,Results,10.111.199.138,2017-11-15 10:17:46.618096+00:00,1,,,0,1,,,,,0,1,4,square,16,Non-social,1,108,8x2mw1fm,,,,,,0
1,wbfcp26m,,0,901,900,my_ultimatum_3cond_block,120,Results,10.111.199.138,2017-11-15 10:17:46.618096+00:00,1,,,0,1,,,,,0,1,4,square,16,Non-social,1,109,8x2mw1fm,,,,,,0
1,wbfcp26m,,0,901,900,my_ultimatum_3cond_block,120,Results,10.111.199.138,2017-11-15 10:17:46.618096+00:00,1,,,0,1,,,,,0,1,3,circle,17,Non-social,1,110,8x2mw1fm,,,,,,0
1,wbfcp26m,,0,901,900,my_ultimatum_3cond_block,120,Results,10.111.199.138,2017-11-15 10:17:46.618096+00:00,1,,,0,1,,,,,0,1,2,square,18,Non-social,1,111,8x2mw1fm,,,,,,0
1,wbfcp26m,,0,901,900,my_ultimatum_3cond_block,120,Results,10.111.199.138,2017-11-15 10:17:46.618096+00:00,1,,,0,1,,,,,0,1,4,triangle,16,Non-social,1,112,8x2mw1fm,,,,,,0
1,wbfcp26m,,0,901,900,my_ultimatum_3cond_block,120,Results,10.111.199.138,2017-11-15 10:17:46.618096+00:00,1,,,0,1,,,,,0,1,4,triangle,0,Non-social,0,113,8x2mw1fm,,,,,,0
1,wbfcp26m,,0,901,900,my_ultimatum_3cond_block,120,Results,10.111.199.138,2017-11-15 10:17:46.618096+00:00,1,,,0,1,,,,,0,1,4,circle,16,Non-social,1,114,8x2mw1fm,,,,,,0
1,wbfcp26m,,0,901,900,my_ultimatum_3cond_block,120,Results,10.111.199.138,2017-11-15 10:17:46.618096+00:00,1,,,0,1,,,,,0,1,3,triangle,0,Non-social,0,115,8x2mw1fm,,,,,,0
1,wbfcp26m,,0,901,900,my_ultimatum_3cond_block,120,Results,10.111.199.138,2017-11-15 10:17:46.618096+00:00,1,,,0,1,,,,,0,1,4,circle,16,Non-social,1,116,8x2mw1fm,,,,,,0
1,wbfcp26m,,0,901,900,my_ultimatum_3cond_block,120,Results,10.111.199.138,2017-11-15 10:17:46.618096+00:00,1,,,0,1,,,,,0,1,3,triangle,0,Non-social,0,117,8x2mw1fm,,,,,,0
1,wbfcp26m,,0,901,900,my_ultimatum_3cond_block,120,Results,10.111.199.138,2017-11-15 10:17:46.618096+00:00,1,,,0,1,,,,,0,1,3,square,17,Non-social,1,118,8x2mw1fm,,,,,,0
1,wbfcp26m,,0,901,900,my_ultimatum_3cond_block,120,Results,10.111.199.138,2017-11-15 10:17:46.618096+00:00,1,,,0,1,,,,,0,1,3,triangle,0,Non-social,0,119,8x2mw1fm,,,,,,0
1,wbfcp26m,,0,901,900,my_ultimatum_3cond_block,120,Results,10.111.199.138,2017-11-15 10:17:46.618096+00:00,1,,,0,1,,,,,0,1,3,square,17,Non-social,1,120,8x2mw1fm,,,,,,0
1,jmyb1m90,,0,1261,1260,my_ultimatum_3cond_block,120,Results,10.37.225.74,2017-11-15 10:19:45.472038+00:00,1,,,0,1,,,,,0,1,10,circle,10,Social,1,1,npx5wdwg,,,,,,0
1,jmyb1m90,,0,1261,1260,my_ultimatum_3cond_block,120,Results,10.37.225.74,2017-11-15 10:19:45.472038+00:00,1,,,0,1,,,,,0,1,10,triangle,10,Social,1,2,npx5wdwg,,,,,,0
1,jmyb1m90,,0,1261,1260,my_ultimatum_3cond_block,120,Results,10.37.225.74,2017-11-15 10:19:45.472038+00:00,1,,,0,1,,,,,0,1,10,triangle,10,Social,1,3,npx5wdwg,,,,,,0
1,jmyb1m90,,0,1261,1260,my_ultimatum_3cond_block,120,Results,10.37.225.74,2017-11-15 10:19:45.472038+00:00,1,,,0,1,,,,,0,1,10,square,10,Social,1,4,npx5wdwg,,,,,,0
1,jmyb1m90,,0,1261,1260,my_ultimatum_3cond_block,120,Results,10.37.225.74,2017-11-15 10:19:45.472038+00:00,1,,,0,1,,,,,0,1,10,square,10,Social,1,5,npx5wdwg,,,,,,0
1,jmyb1m90,,0,1261,1260,my_ultimatum_3cond_block,120,Results,10.37.225.74,2017-11-15 10:19:45.472038+00:00,1,,,0,1,,,,,0,1,10,circle,10,Social,1,6,npx5wdwg,,,,,,0
1,jmyb1m90,,0,1261,1260,my_ultimatum_3cond_block,120,Results,10.37.225.74,2017-11-15 10:19:45.472038+00:00,1,,,0,1,,,,,0,1,10,square,10,Social,1,7,npx5wdwg,,,,,,0
1,jmyb1m90,,0,1261,1260,my_ultimatum_3cond_block,120,Results,10.37.225.74,2017-11-15 10:19:45.472038+00:00,1,,,0,1,,,,,0,1,10,triangle,10,Social,1,8,npx5wdwg,,,,,,0
1,jmyb1m90,,0,1261,1260,my_ultimatum_3cond_block,120,Results,10.37.225.74,2017-11-15 10:19:45.472038+00:00,1,,,0,1,,,,,0,1,10,triangle,10,Social,1,9,npx5wdwg,,,,,,0
1,jmyb1m90,,0,1261,1260,my_ultimatum_3cond_block,120,Results,10.37.225.74,2017-11-15 10:19:45.472038+00:00,1,,,0,1,,,,,0,1,10,circle,10,Social,1,10,npx5wdwg,,,,,,0
1,jmyb1m90,,0,1261,1260,my_ultimatum_3cond_block,120,Results,10.37.225.74,2017-11-15 10:19:45.472038+00:00,1,,,0,1,,,,,0,1,10,triangle,10,Social,1,11,npx5wdwg,,,,,,0
1,jmyb1m90,,0,1261,1260,my_ultimatum_3cond_block,120,Results,10.37.225.74,2017-11-15 10:19:45.472038+00:00,1,,,0,1,,,,,0,1,10,circle,10,Social,1,12,npx5wdwg,,,,,,0
1,jmyb1m90,,0,1261,1260,my_ultimatum_3cond_block,120,Results,10.37.225.74,2017-11-15 10:19:45.472038+00:00,1,,,0,1,,,,,0,1,10,circle,10,Social,1,13,npx5wdwg,,,,,,0
1,jmyb1m90,,0,1261,1260,my_ultimatum_3cond_block,120,Results,10.37.225.74,2017-11-15 10:19:45.472038+00:00,1,,,0,1,,,,,0,1,10,circle,10,Social,1,14,npx5wdwg,,,,,,0
1,jmyb1m90,,0,1261,1260,my_ultimatum_3cond_block,120,Results,10.37.225.74,2017-11-15 10:19:45.472038+00:00,1,,,0,1,,,,,0,1,10,circle,10,Social,1,15,npx5wdwg,,,,,,0
1,jmyb1m90,,0,1261,1260,my_ultimatum_3cond_block,120,Results,10.37.225.74,2017-11-15 10:19:45.472038+00:00,1,,,0,1,,,,,0,1,10,triangle,10,Social,1,16,npx5wdwg,,,,,,0
1,jmyb1m90,,0,1261,1260,my_ultimatum_3cond_block,120,Results,10.37.225.74,2017-11-15 10:19:45.472038+00:00,1,,,0,1,,,,,0,1,10,triangle,10,Social,1,17,npx5wdwg,,,,,,0
1,jmyb1m90,,0,1261,1260,my_ultimatum_3cond_block,120,Results,10.37.225.74,2017-11-15 10:19:45.472038+00:00,1,,,0,1,,,,,0,1,10,triangle,10,Social,1,18,npx5wdwg,,,,,,0
1,jmyb1m90,,0,1261,1260,my_ultimatum_3cond_block,120,Results,10.37.225.74,2017-11-15 10:19:45.472038+00:00,1,,,0,1,,,,,0,1,10,circle,10,Social,1,19,npx5wdwg,,,,,,0
1,jmyb1m90,,0,1261,1260,my_ultimatum_3cond_block,120,Results,10.37.225.74,2017-11-15 10:19:45.472038+00:00,1,,,0,1,,,,,0,1,10,circle,10,Social,1,20,npx5wdwg,,,,,,0
1,jmyb1m90,,0,1261,1260,my_ultimatum_3cond_block,120,Results,10.37.225.74,2017-11-15 10:19:45.472038+00:00,1,,,0,1,,,,,0,1,10,triangle,10,Social,1,21,npx5wdwg,,,,,,0
1,jmyb1m90,,0,1261,1260,my_ultimatum_3cond_block,120,Results,10.37.225.74,2017-11-15 10:19:45.472038+00:00,1,,,0,1,,,,,0,1,10,triangle,0,Social,0,22,npx5wdwg,,,,,,0
1,jmyb1m90,,0,1261,1260,my_ultimatum_3cond_block,120,Results,10.37.225.74,2017-11-15 10:19:45.472038+00:00,1,,,0,1,,,,,0,1,10,triangle,10,Social,1,23,npx5wdwg,,,,,,0
1,jmyb1m90,,0,1261,1260,my_ultimatum_3cond_block,120,Results,10.37.225.74,2017-11-15 10:19:45.472038+00:00,1,,,0,1,,,,,0,1,10,triangle,10,Social,1,24,npx5wdwg,,,,,,0
1,jmyb1m90,,0,1261,1260,my_ultimatum_3cond_block,120,Results,10.37.225.74,2017-11-15 10:19:45.472038+00:00,1,,,0,1,,,,,0,1,10,triangle,10,Social,1,25,npx5wdwg,,,,,,0
1,jmyb1m90,,0,1261,1260,my_ultimatum_3cond_block,120,Results,10.37.225.74,2017-11-15 10:19:45.472038+00:00,1,,,0,1,,,,,0,1,10,square,10,Social,1,26,npx5wdwg,,,,,,0
1,jmyb1m90,,0,1261,1260,my_ultimatum_3cond_block,120,Results,10.37.225.74,2017-11-15 10:19:45.472038+00:00,1,,,0,1,,,,,0,1,10,circle,10,Social,1,27,npx5wdwg,,,,,,0
1,jmyb1m90,,0,1261,1260,my_ultimatum_3cond_block,120,Results,10.37.225.74,2017-11-15 10:19:45.472038+00:00,1,,,0,1,,,,,0,1,10,square,10,Social,1,28,npx5wdwg,,,,,,0
1,jmyb1m90,,0,1261,1260,my_ultimatum_3cond_block,120,Results,10.37.225.74,2017-11-15 10:19:45.472038+00:00,1,,,0,1,,,,,0,1,10,square,10,Social,1,29,npx5wdwg,,,,,,0
1,jmyb1m90,,0,1261,1260,my_ultimatum_3cond_block,120,Results,10.37.225.74,2017-11-15 10:19:45.472038+00:00,1,,,0,1,,,,,0,1,10,circle,10,Social,1,30,npx5wdwg,,,,,,0
1,jmyb1m90,,0,1261,1260,my_ultimatum_3cond_block,120,Results,10.37.225.74,2017-11-15 10:19:45.472038+00:00,1,,,0,1,,,,,0,1,10,triangle,10,Social,1,31,npx5wdwg,,,,,,0
1,jmyb1m90,,0,1261,1260,my_ultimatum_3cond_block,120,Results,10.37.225.74,2017-11-15 10:19:45.472038+00:00,1,,,0,1,,,,,0,1,10,triangle,10,Social,1,32,npx5wdwg,,,,,,0
1,jmyb1m90,,0,1261,1260,my_ultimatum_3cond_block,120,Results,10.37.225.74,2017-11-15 10:19:45.472038+00:00,1,,,0,1,,,,,0,1,10,circle,10,Social,1,33,npx5wdwg,,,,,,0
1,jmyb1m90,,0,1261,1260,my_ultimatum_3cond_block,120,Results,10.37.225.74,2017-11-15 10:19:45.472038+00:00,1,,,0,1,,,,,0,1,10,triangle,10,Social,1,34,npx5wdwg,,,,,,0
1,jmyb1m90,,0,1261,1260,my_ultimatum_3cond_block,120,Results,10.37.225.74,2017-11-15 10:19:45.472038+00:00,1,,,0,1,,,,,0,1,10,circle,10,Social,1,35,npx5wdwg,,,,,,0
1,jmyb1m90,,0,1261,1260,my_ultimatum_3cond_block,120,Results,10.37.225.74,2017-11-15 10:19:45.472038+00:00,1,,,0,1,,,,,0,1,10,triangle,10,Social,1,36,npx5wdwg,,,,,,0
1,jmyb1m90,,0,1261,1260,my_ultimatum_3cond_block,120,Results,10.37.225.74,2017-11-15 10:19:45.472038+00:00,1,,,0,1,,,,,0,1,10,square,10,Social,1,37,npx5wdwg,,,,,,0
1,jmyb1m90,,0,1261,1260,my_ultimatum_3cond_block,120,Results,10.37.225.74,2017-11-15 10:19:45.472038+00:00,1,,,0,1,,,,,0,1,10,circle,10,Social,1,38,npx5wdwg,,,,,,0
1,jmyb1m90,,0,1261,1260,my_ultimatum_3cond_block,120,Results,10.37.225.74,2017-11-15 10:19:45.472038+00:00,1,,,0,1,,,,,0,1,10,triangle,10,Social,1,39,npx5wdwg,,,,,,0
1,jmyb1m90,,0,1261,1260,my_ultimatum_3cond_block,120,Results,10.37.225.74,2017-11-15 10:19:45.472038+00:00,1,,,0,1,,,,,0,1,10,circle,10,Social,1,40,npx5wdwg,,,,,,0
1,jmyb1m90,,0,1261,1260,my_ultimatum_3cond_block,120,Results,10.37.225.74,2017-11-15 10:19:45.472038+00:00,1,,,0,1,,,,,0,1,10,circle,10,Social,1,41,npx5wdwg,,,,,,0
1,jmyb1m90,,0,1261,1260,my_ultimatum_3cond_block,120,Results,10.37.225.74,2017-11-15 10:19:45.472038+00:00,1,,,0,1,,,,,0,1,10,circle,10,Social,1,42,npx5wdwg,,,,,,0
1,jmyb1m90,,0,1261,1260,my_ultimatum_3cond_block,120,Results,10.37.225.74,2017-11-15 10:19:45.472038+00:00,1,,,0,1,,,,,0,1,10,circle,10,Social,1,43,npx5wdwg,,,,,,0
1,jmyb1m90,,0,1261,1260,my_ultimatum_3cond_block,120,Results,10.37.225.74,2017-11-15 10:19:45.472038+00:00,1,,,0,1,,,,,0,1,10,square,10,Social,1,44,npx5wdwg,,,,,,0
1,jmyb1m90,,0,1261,1260,my_ultimatum_3cond_block,120,Results,10.37.225.74,2017-11-15 10:19:45.472038+00:00,1,,,0,1,,,,,0,1,10,square,10,Social,1,45,npx5wdwg,,,,,,0
1,jmyb1m90,,0,1261,1260,my_ultimatum_3cond_block,120,Results,10.37.225.74,2017-11-15 10:19:45.472038+00:00,1,,,0,1,,,,,0,1,10,triangle,10,Social,1,46,npx5wdwg,,,,,,0
1,jmyb1m90,,0,1261,1260,my_ultimatum_3cond_block,120,Results,10.37.225.74,2017-11-15 10:19:45.472038+00:00,1,,,0,1,,,,,0,1,10,circle,10,Social,1,47,npx5wdwg,,,,,,0
1,jmyb1m90,,0,1261,1260,my_ultimatum_3cond_block,120,Results,10.37.225.74,2017-11-15 10:19:45.472038+00:00,1,,,0,1,,,,,0,1,10,square,10,Social,1,48,npx5wdwg,,,,,,0
1,jmyb1m90,,0,1261,1260,my_ultimatum_3cond_block,120,Results,10.37.225.74,2017-11-15 10:19:45.472038+00:00,1,,,0,1,,,,,0,1,10,square,10,Social,1,49,npx5wdwg,,,,,,0
1,jmyb1m90,,0,1261,1260,my_ultimatum_3cond_block,120,Results,10.37.225.74,2017-11-15 10:19:45.472038+00:00,1,,,0,1,,,,,0,1,10,square,10,Social,1,50,npx5wdwg,,,,,,0
1,jmyb1m90,,0,1261,1260,my_ultimatum_3cond_block,120,Results,10.37.225.74,2017-11-15 10:19:45.472038+00:00,1,,,0,1,,,,,0,1,10,triangle,10,Social,1,51,npx5wdwg,,,,,,0
1,jmyb1m90,,0,1261,1260,my_ultimatum_3cond_block,120,Results,10.37.225.74,2017-11-15 10:19:45.472038+00:00,1,,,0,1,,,,,0,1,10,square,10,Social,1,52,npx5wdwg,,,,,,0
1,jmyb1m90,,0,1261,1260,my_ultimatum_3cond_block,120,Results,10.37.225.74,2017-11-15 10:19:45.472038+00:00,1,,,0,1,,,,,0,1,10,square,10,Social,1,53,npx5wdwg,,,,,,0
1,jmyb1m90,,0,1261,1260,my_ultimatum_3cond_block,120,Results,10.37.225.74,2017-11-15 10:19:45.472038+00:00,1,,,0,1,,,,,0,1,10,square,10,Social,1,54,npx5wdwg,,,,,,0
1,jmyb1m90,,0,1261,1260,my_ultimatum_3cond_block,120,Results,10.37.225.74,2017-11-15 10:19:45.472038+00:00,1,,,0,1,,,,,0,1,10,circle,10,Social,1,55,npx5wdwg,,,,,,0
1,jmyb1m90,,0,1261,1260,my_ultimatum_3cond_block,120,Results,10.37.225.74,2017-11-15 10:19:45.472038+00:00,1,,,0,1,,,,,0,1,10,triangle,10,Social,1,56,npx5wdwg,,,,,,0
1,jmyb1m90,,0,1261,1260,my_ultimatum_3cond_block,120,Results,10.37.225.74,2017-11-15 10:19:45.472038+00:00,1,,,0,1,,,,,0,1,10,circle,10,Social,1,57,npx5wdwg,,,,,,0
1,jmyb1m90,,0,1261,1260,my_ultimatum_3cond_block,120,Results,10.37.225.74,2017-11-15 10:19:45.472038+00:00,1,,,0,1,,,,,0,1,10,square,10,Social,1,58,npx5wdwg,,,,,,0
1,jmyb1m90,,0,1261,1260,my_ultimatum_3cond_block,120,Results,10.37.225.74,2017-11-15 10:19:45.472038+00:00,1,,,0,1,,,,,0,1,10,circle,10,Social,1,59,npx5wdwg,,,,,,0
1,jmyb1m90,,0,1261,1260,my_ultimatum_3cond_block,120,Results,10.37.225.74,2017-11-15 10:19:45.472038+00:00,1,,,0,1,,,,,0,1,10,circle,10,Social,1,60,npx5wdwg,,,,,,0
1,jmyb1m90,,0,1261,1260,my_ultimatum_3cond_block,120,Results,10.37.225.74,2017-11-15 10:19:45.472038+00:00,1,,,0,1,,,,,0,1,10,circle,10,Non-social,1,61,npx5wdwg,,,,,,0
1,jmyb1m90,,0,1261,1260,my_ultimatum_3cond_block,120,Results,10.37.225.74,2017-11-15 10:19:45.472038+00:00,1,,,0,1,,,,,0,1,10,circle,10,Non-social,1,62,npx5wdwg,,,,,,0
1,jmyb1m90,,0,1261,1260,my_ultimatum_3cond_block,120,Results,10.37.225.74,2017-11-15 10:19:45.472038+00:00,1,,,0,1,,,,,0,1,10,triangle,10,Non-social,1,63,npx5wdwg,,,,,,0
1,jmyb1m90,,0,1261,1260,my_ultimatum_3cond_block,120,Results,10.37.225.74,2017-11-15 10:19:45.472038+00:00,1,,,0,1,,,,,0,1,10,circle,10,Non-social,1,64,npx5wdwg,,,,,,0
1,jmyb1m90,,0,1261,1260,my_ultimatum_3cond_block,120,Results,10.37.225.74,2017-11-15 10:19:45.472038+00:00,1,,,0,1,,,,,0,1,10,triangle,10,Non-social,1,65,npx5wdwg,,,,,,0
1,jmyb1m90,,0,1261,1260,my_ultimatum_3cond_block,120,Results,10.37.225.74,2017-11-15 10:19:45.472038+00:00,1,,,0,1,,,,,0,1,10,square,10,Non-social,1,66,npx5wdwg,,,,,,0
1,jmyb1m90,,0,1261,1260,my_ultimatum_3cond_block,120,Results,10.37.225.74,2017-11-15 10:19:45.472038+00:00,1,,,0,1,,,,,0,1,10,square,10,Non-social,1,67,npx5wdwg,,,,,,0
1,jmyb1m90,,0,1261,1260,my_ultimatum_3cond_block,120,Results,10.37.225.74,2017-11-15 10:19:45.472038+00:00,1,,,0,1,,,,,0,1,10,square,10,Non-social,1,68,npx5wdwg,,,,,,0
1,jmyb1m90,,0,1261,1260,my_ultimatum_3cond_block,120,Results,10.37.225.74,2017-11-15 10:19:45.472038+00:00,1,,,0,1,,,,,0,1,10,square,10,Non-social,1,69,npx5wdwg,,,,,,0
1,jmyb1m90,,0,1261,1260,my_ultimatum_3cond_block,120,Results,10.37.225.74,2017-11-15 10:19:45.472038+00:00,1,,,0,1,,,,,0,1,10,triangle,10,Non-social,1,70,npx5wdwg,,,,,,0
1,jmyb1m90,,0,1261,1260,my_ultimatum_3cond_block,120,Results,10.37.225.74,2017-11-15 10:19:45.472038+00:00,1,,,0,1,,,,,0,1,10,square,10,Non-social,1,71,npx5wdwg,,,,,,0
1,jmyb1m90,,0,1261,1260,my_ultimatum_3cond_block,120,Results,10.37.225.74,2017-11-15 10:19:45.472038+00:00,1,,,0,1,,,,,0,1,10,triangle,10,Non-social,1,72,npx5wdwg,,,,,,0
1,jmyb1m90,,0,1261,1260,my_ultimatum_3cond_block,120,Results,10.37.225.74,2017-11-15 10:19:45.472038+00:00,1,,,0,1,,,,,0,1,10,square,10,Non-social,1,73,npx5wdwg,,,,,,0
1,jmyb1m90,,0,1261,1260,my_ultimatum_3cond_block,120,Results,10.37.225.74,2017-11-15 10:19:45.472038+00:00,1,,,0,1,,,,,0,1,10,triangle,10,Non-social,1,74,npx5wdwg,,,,,,0
1,jmyb1m90,,0,1261,1260,my_ultimatum_3cond_block,120,Results,10.37.225.74,2017-11-15 10:19:45.472038+00:00,1,,,0,1,,,,,0,1,10,square,10,Non-social,1,75,npx5wdwg,,,,,,0
1,jmyb1m90,,0,1261,1260,my_ultimatum_3cond_block,120,Results,10.37.225.74,2017-11-15 10:19:45.472038+00:00,1,,,0,1,,,,,0,1,10,circle,10,Non-social,1,76,npx5wdwg,,,,,,0
1,jmyb1m90,,0,1261,1260,my_ultimatum_3cond_block,120,Results,10.37.225.74,2017-11-15 10:19:45.472038+00:00,1,,,0,1,,,,,0,1,10,square,10,Non-social,1,77,npx5wdwg,,,,,,0
1,jmyb1m90,,0,1261,1260,my_ultimatum_3cond_block,120,Results,10.37.225.74,2017-11-15 10:19:45.472038+00:00,1,,,0,1,,,,,0,1,10,circle,10,Non-social,1,78,npx5wdwg,,,,,,0
1,jmyb1m90,,0,1261,1260,my_ultimatum_3cond_block,120,Results,10.37.225.74,2017-11-15 10:19:45.472038+00:00,1,,,0,1,,,,,0,1,10,triangle,10,Non-social,1,79,npx5wdwg,,,,,,0
1,jmyb1m90,,0,1261,1260,my_ultimatum_3cond_block,120,Results,10.37.225.74,2017-11-15 10:19:45.472038+00:00,1,,,0,1,,,,,0,1,10,circle,10,Non-social,1,80,npx5wdwg,,,,,,0
1,jmyb1m90,,0,1261,1260,my_ultimatum_3cond_block,120,Results,10.37.225.74,2017-11-15 10:19:45.472038+00:00,1,,,0,1,,,,,0,1,10,square,10,Non-social,1,81,npx5wdwg,,,,,,0
1,jmyb1m90,,0,1261,1260,my_ultimatum_3cond_block,120,Results,10.37.225.74,2017-11-15 10:19:45.472038+00:00,1,,,0,1,,,,,0,1,10,square,10,Non-social,1,82,npx5wdwg,,,,,,0
1,jmyb1m90,,0,1261,1260,my_ultimatum_3cond_block,120,Results,10.37.225.74,2017-11-15 10:19:45.472038+00:00,1,,,0,1,,,,,0,1,10,triangle,10,Non-social,1,83,npx5wdwg,,,,,,0
1,jmyb1m90,,0,1261,1260,my_ultimatum_3cond_block,120,Results,10.37.225.74,2017-11-15 10:19:45.472038+00:00,1,,,0,1,,,,,0,1,10,square,10,Non-social,1,84,npx5wdwg,,,,,,0
1,jmyb1m90,,0,1261,1260,my_ultimatum_3cond_block,120,Results,10.37.225.74,2017-11-15 10:19:45.472038+00:00,1,,,0,1,,,,,0,1,10,square,10,Non-social,1,85,npx5wdwg,,,,,,0
1,jmyb1m90,,0,1261,1260,my_ultimatum_3cond_block,120,Results,10.37.225.74,2017-11-15 10:19:45.472038+00:00,1,,,0,1,,,,,0,1,10,triangle,0,Non-social,0,86,npx5wdwg,,,,,,0
1,jmyb1m90,,0,1261,1260,my_ultimatum_3cond_block,120,Results,10.37.225.74,2017-11-15 10:19:45.472038+00:00,1,,,0,1,,,,,0,1,10,square,10,Non-social,1,87,npx5wdwg,,,,,,0
1,jmyb1m90,,0,1261,1260,my_ultimatum_3cond_block,120,Results,10.37.225.74,2017-11-15 10:19:45.472038+00:00,1,,,0,1,,,,,0,1,10,triangle,0,Non-social,0,88,npx5wdwg,,,,,,0
1,jmyb1m90,,0,1261,1260,my_ultimatum_3cond_block,120,Results,10.37.225.74,2017-11-15 10:19:45.472038+00:00,1,,,0,1,,,,,0,1,10,circle,10,Non-social,1,89,npx5wdwg,,,,,,0
1,jmyb1m90,,0,1261,1260,my_ultimatum_3cond_block,120,Results,10.37.225.74,2017-11-15 10:19:45.472038+00:00,1,,,0,1,,,,,0,1,10,circle,10,Non-social,1,90,npx5wdwg,,,,,,0
1,jmyb1m90,,0,1261,1260,my_ultimatum_3cond_block,120,Results,10.37.225.74,2017-11-15 10:19:45.472038+00:00,1,,,0,1,,,,,0,1,10,square,10,Non-social,1,91,npx5wdwg,,,,,,0
1,jmyb1m90,,0,1261,1260,my_ultimatum_3cond_block,120,Results,10.37.225.74,2017-11-15 10:19:45.472038+00:00,1,,,0,1,,,,,0,1,10,square,10,Non-social,1,92,npx5wdwg,,,,,,0
1,jmyb1m90,,0,1261,1260,my_ultimatum_3cond_block,120,Results,10.37.225.74,2017-11-15 10:19:45.472038+00:00,1,,,0,1,,,,,0,1,10,square,10,Non-social,1,93,npx5wdwg,,,,,,0
1,jmyb1m90,,0,1261,1260,my_ultimatum_3cond_block,120,Results,10.37.225.74,2017-11-15 10:19:45.472038+00:00,1,,,0,1,,,,,0,1,10,square,10,Non-social,1,94,npx5wdwg,,,,,,0
1,jmyb1m90,,0,1261,1260,my_ultimatum_3cond_block,120,Results,10.37.225.74,2017-11-15 10:19:45.472038+00:00,1,,,0,1,,,,,0,1,10,square,10,Non-social,1,95,npx5wdwg,,,,,,0
1,jmyb1m90,,0,1261,1260,my_ultimatum_3cond_block,120,Results,10.37.225.74,2017-11-15 10:19:45.472038+00:00,1,,,0,1,,,,,0,1,10,circle,10,Non-social,1,96,npx5wdwg,,,,,,0
1,jmyb1m90,,0,1261,1260,my_ultimatum_3cond_block,120,Results,10.37.225.74,2017-11-15 10:19:45.472038+00:00,1,,,0,1,,,,,0,1,10,circle,10,Non-social,1,97,npx5wdwg,,,,,,0
1,jmyb1m90,,0,1261,1260,my_ultimatum_3cond_block,120,Results,10.37.225.74,2017-11-15 10:19:45.472038+00:00,1,,,0,1,,,,,0,1,11,circle,9,Non-social,1,98,npx5wdwg,,,,,,0
1,jmyb1m90,,0,1261,1260,my_ultimatum_3cond_block,120,Results,10.37.225.74,2017-11-15 10:19:45.472038+00:00,1,,,0,1,,,,,0,1,9,triangle,0,Non-social,0,99,npx5wdwg,,,,,,0
1,jmyb1m90,,0,1261,1260,my_ultimatum_3cond_block,120,Results,10.37.225.74,2017-11-15 10:19:45.472038+00:00,1,,,0,1,,,,,0,1,10,square,10,Non-social,1,100,npx5wdwg,,,,,,0
1,jmyb1m90,,0,1261,1260,my_ultimatum_3cond_block,120,Results,10.37.225.74,2017-11-15 10:19:45.472038+00:00,1,,,0,1,,,,,0,1,10,circle,10,Non-social,1,101,npx5wdwg,,,,,,0
1,jmyb1m90,,0,1261,1260,my_ultimatum_3cond_block,120,Results,10.37.225.74,2017-11-15 10:19:45.472038+00:00,1,,,0,1,,,,,0,1,10,square,10,Non-social,1,102,npx5wdwg,,,,,,0
1,jmyb1m90,,0,1261,1260,my_ultimatum_3cond_block,120,Results,10.37.225.74,2017-11-15 10:19:45.472038+00:00,1,,,0,1,,,,,0,1,10,circle,10,Non-social,1,103,npx5wdwg,,,,,,0
1,jmyb1m90,,0,1261,1260,my_ultimatum_3cond_block,120,Results,10.37.225.74,2017-11-15 10:19:45.472038+00:00,1,,,0,1,,,,,0,1,10,circle,10,Non-social,1,104,npx5wdwg,,,,,,0
1,jmyb1m90,,0,1261,1260,my_ultimatum_3cond_block,120,Results,10.37.225.74,2017-11-15 10:19:45.472038+00:00,1,,,0,1,,,,,0,1,10,triangle,10,Non-social,1,105,npx5wdwg,,,,,,0
1,jmyb1m90,,0,1261,1260,my_ultimatum_3cond_block,120,Results,10.37.225.74,2017-11-15 10:19:45.472038+00:00,1,,,0,1,,,,,0,1,10,circle,0,Non-social,0,106,npx5wdwg,,,,,,0
1,jmyb1m90,,0,1261,1260,my_ultimatum_3cond_block,120,Results,10.37.225.74,2017-11-15 10:19:45.472038+00:00,1,,,0,1,,,,,0,1,10,triangle,0,Non-social,0,107,npx5wdwg,,,,,,0
1,jmyb1m90,,0,1261,1260,my_ultimatum_3cond_block,120,Results,10.37.225.74,2017-11-15 10:19:45.472038+00:00,1,,,0,1,,,,,0,1,10,square,10,Non-social,1,108,npx5wdwg,,,,,,0
1,jmyb1m90,,0,1261,1260,my_ultimatum_3cond_block,120,Results,10.37.225.74,2017-11-15 10:19:45.472038+00:00,1,,,0,1,,,,,0,1,10,triangle,10,Non-social,1,109,npx5wdwg,,,,,,0
1,jmyb1m90,,0,1261,1260,my_ultimatum_3cond_block,120,Results,10.37.225.74,2017-11-15 10:19:45.472038+00:00,1,,,0,1,,,,,0,1,10,square,10,Non-social,1,110,npx5wdwg,,,,,,0
1,jmyb1m90,,0,1261,1260,my_ultimatum_3cond_block,120,Results,10.37.225.74,2017-11-15 10:19:45.472038+00:00,1,,,0,1,,,,,0,1,10,square,10,Non-social,1,111,npx5wdwg,,,,,,0
1,jmyb1m90,,0,1261,1260,my_ultimatum_3cond_block,120,Results,10.37.225.74,2017-11-15 10:19:45.472038+00:00,1,,,0,1,,,,,0,1,10,triangle,10,Non-social,1,112,npx5wdwg,,,,,,0
1,jmyb1m90,,0,1261,1260,my_ultimatum_3cond_block,120,Results,10.37.225.74,2017-11-15 10:19:45.472038+00:00,1,,,0,1,,,,,0,1,10,square,10,Non-social,1,113,npx5wdwg,,,,,,0
1,jmyb1m90,,0,1261,1260,my_ultimatum_3cond_block,120,Results,10.37.225.74,2017-11-15 10:19:45.472038+00:00,1,,,0,1,,,,,0,1,10,triangle,10,Non-social,1,114,npx5wdwg,,,,,,0
1,jmyb1m90,,0,1261,1260,my_ultimatum_3cond_block,120,Results,10.37.225.74,2017-11-15 10:19:45.472038+00:00,1,,,0,1,,,,,0,1,10,triangle,10,Non-social,1,115,npx5wdwg,,,,,,0
1,jmyb1m90,,0,1261,1260,my_ultimatum_3cond_block,120,Results,10.37.225.74,2017-11-15 10:19:45.472038+00:00,1,,,0,1,,,,,0,1,10,triangle,10,Non-social,1,116,npx5wdwg,,,,,,0
1,jmyb1m90,,0,1261,1260,my_ultimatum_3cond_block,120,Results,10.37.225.74,2017-11-15 10:19:45.472038+00:00,1,,,0,1,,,,,0,1,10,square,10,Non-social,1,117,npx5wdwg,,,,,,0
1,jmyb1m90,,0,1261,1260,my_ultimatum_3cond_block,120,Results,10.37.225.74,2017-11-15 10:19:45.472038+00:00,1,,,0,1,,,,,0,1,10,triangle,0,Non-social,0,118,npx5wdwg,,,,,,0
1,jmyb1m90,,0,1261,1260,my_ultimatum_3cond_block,120,Results,10.37.225.74,2017-11-15 10:19:45.472038+00:00,1,,,0,1,,,,,0,1,11,triangle,9,Non-social,1,119,npx5wdwg,,,,,,0
1,jmyb1m90,,0,1261,1260,my_ultimatum_3cond_block,120,Results,10.37.225.74,2017-11-15 10:19:45.472038+00:00,1,,,0,1,,,,,0,1,11,circle,9,Non-social,1,120,npx5wdwg,,,,,,0